[2026-07-21T06:56:49.630Z] POST /api/live/join: session={"userId":"8e6a7361-0286-4cdb-ac89-f6ad0404a696","email":"pacaldochristian53@gmail.com","role":"student","fullName":"Christian Pacaldo","iat":1784616556,"exp":1785221356}
[2026-07-21T06:57:04.313Z] POST /api/live/snapshot: session={"userId":"8e6a7361-0286-4cdb-ac89-f6ad0404a696","email":"pacaldochristian53@gmail.com","role":"student","fullName":"Christian Pacaldo","iat":1784616556,"exp":1785221356}
[2026-07-21T06:57:04.329Z] POST /api/live/snapshot: Stored snapshot for Christian Pacaldo (active count: 1)
[2026-07-21T06:57:04.399Z] POST /api/live/snapshot: session={"userId":"8e6a7361-0286-4cdb-ac89-f6ad0404a696","email":"pacaldochristian53@gmail.com","role":"student","fullName":"Christian Pacaldo","iat":1784616556,"exp":1785221356}
[2026-07-21T06:57:04.427Z] POST /api/live/snapshot: Stored snapshot for Christian Pacaldo (active count: 1)
[2026-07-21T06:57:04.511Z] POST /api/live/snapshot: session={"userId":"8e6a7361-0286-4cdb-ac89-f6ad0404a696","email":"pacaldochristian53@gmail.com","role":"student","fullName":"Christian Pacaldo","iat":1784616556,"exp":1785221356}
[2026-07-21T06:57:04.584Z] POST /api/live/snapshot: Stored snapshot for Christian Pacaldo (active count: 1)
[2026-07-21T06:57:05.214Z] POST /api/live/snapshot: session={"userId":"8e6a7361-0286-4cdb-ac89-f6ad0404a696","email":"pacaldochristian53@gmail.com","role":"student","fullName":"Christian Pacaldo","iat":1784616556,"exp":1785221356}
[2026-07-21T06:57:05.297Z] POST /api/live/snapshot: Stored snapshot for Christian Pacaldo (active count: 1)
[2026-07-21T06:57:05.596Z] POST /api/live/snapshot: session={"userId":"8e6a7361-0286-4cdb-ac89-f6ad0404a696","email":"pacaldochristian53@gmail.com","role":"student","fullName":"Christian Pacaldo","iat":1784616556,"exp":1785221356}
[2026-07-21T06:57:05.603Z] POST /api/live/snapshot: Stored snapshot for Christian Pacaldo (active count: 1)
[2026-07-21T06:57:05.649Z] POST /api/live/snapshot: session={"userId":"8e6a7361-0286-4cdb-ac89-f6ad0404a696","email":"pacaldochristian53@gmail.com","role":"student","fullName":"Christian Pacaldo","iat":1784616556,"exp":1785221356}
[2026-07-21T06:57:05.656Z] POST /api/live/snapshot: Stored snapshot for Christian Pacaldo (active count: 1)
[2026-07-21T06:57:05.769Z] POST /api/live/snapshot: session={"userId":"8e6a7361-0286-4cdb-ac89-f6ad0404a696","email":"pacaldochristian53@gmail.com","role":"student","fullName":"Christian Pacaldo","iat":1784616556,"exp":1785221356}
[2026-07-21T06:57:05.779Z] POST /api/live/snapshot: Stored snapshot for Christian Pacaldo (active count: 1)
[2026-07-21T06:57:05.933Z] POST /api/live/join: Student Christian Pacaldo successfully joined quiz asdasd
[2026-07-21T07:11:34.139Z] GET /api/live/snapshot: session={"userId":"43a430c0-82b0-44b3-a7b4-6ccefaea90f2","email":"roronoazoljin@gmail.com","role":"teacher","fullName":"PACALDO, CHRISTIAN GLENN","iat":1784616328,"exp":1785221128}
[2026-07-21T07:11:34.141Z] GET /api/live/snapshot: Returning 0 active snapshots
[2026-07-21T07:11:37.136Z] GET /api/live/snapshot: session={"userId":"43a430c0-82b0-44b3-a7b4-6ccefaea90f2","email":"roronoazoljin@gmail.com","role":"teacher","fullName":"PACALDO, CHRISTIAN GLENN","iat":1784616328,"exp":1785221128}
[2026-07-21T07:11:37.137Z] GET /api/live/snapshot: Returning 0 active snapshots
[2026-07-21T07:11:41.064Z] GET /api/live/snapshot: session={"userId":"43a430c0-82b0-44b3-a7b4-6ccefaea90f2","email":"roronoazoljin@gmail.com","role":"teacher","fullName":"PACALDO, CHRISTIAN GLENN","iat":1784616328,"exp":1785221128}
[2026-07-21T07:11:41.065Z] GET /api/live/snapshot: Returning 0 active snapshots
[2026-07-21T07:11:44.068Z] GET /api/live/snapshot: session={"userId":"43a430c0-82b0-44b3-a7b4-6ccefaea90f2","email":"roronoazoljin@gmail.com","role":"teacher","fullName":"PACALDO, CHRISTIAN GLENN","iat":1784616328,"exp":1785221128}
[2026-07-21T07:11:44.070Z] GET /api/live/snapshot: Returning 0 active snapshots
[2026-07-21T07:11:47.070Z] GET /api/live/snapshot: session={"userId":"43a430c0-82b0-44b3-a7b4-6ccefaea90f2","email":"roronoazoljin@gmail.com","role":"teacher","fullName":"PACALDO, CHRISTIAN GLENN","iat":1784616328,"exp":1785221128}
[2026-07-21T07:11:47.071Z] GET /api/live/snapshot: Returning 0 active snapshots
[2026-07-21T07:11:50.069Z] GET /api/live/snapshot: session={"userId":"43a430c0-82b0-44b3-a7b4-6ccefaea90f2","email":"roronoazoljin@gmail.com","role":"teacher","fullName":"PACALDO, CHRISTIAN GLENN","iat":1784616328,"exp":1785221128}
[2026-07-21T07:11:50.069Z] GET /api/live/snapshot: Returning 0 active snapshots
[2026-07-21T07:11:53.076Z] GET /api/live/snapshot: session={"userId":"43a430c0-82b0-44b3-a7b4-6ccefaea90f2","email":"roronoazoljin@gmail.com","role":"teacher","fullName":"PACALDO, CHRISTIAN GLENN","iat":1784616328,"exp":1785221128}
[2026-07-21T07:11:53.076Z] GET /api/live/snapshot: Returning 0 active snapshots
[2026-07-21T07:11:56.067Z] GET /api/live/snapshot: session={"userId":"43a430c0-82b0-44b3-a7b4-6ccefaea90f2","email":"roronoazoljin@gmail.com","role":"teacher","fullName":"PACALDO, CHRISTIAN GLENN","iat":1784616328,"exp":1785221128}
[2026-07-21T07:11:56.068Z] GET /api/live/snapshot: Returning 0 active snapshots
[2026-07-21T07:11:59.062Z] GET /api/live/snapshot: session={"userId":"43a430c0-82b0-44b3-a7b4-6ccefaea90f2","email":"roronoazoljin@gmail.com","role":"teacher","fullName":"PACALDO, CHRISTIAN GLENN","iat":1784616328,"exp":1785221128}
[2026-07-21T07:11:59.063Z] GET /api/live/snapshot: Returning 0 active snapshots
[2026-07-21T07:12:02.077Z] GET /api/live/snapshot: session={"userId":"43a430c0-82b0-44b3-a7b4-6ccefaea90f2","email":"roronoazoljin@gmail.com","role":"teacher","fullName":"PACALDO, CHRISTIAN GLENN","iat":1784616328,"exp":1785221128}
[2026-07-21T07:12:02.078Z] GET /api/live/snapshot: Returning 0 active snapshots
[2026-07-21T07:12:05.065Z] GET /api/live/snapshot: session={"userId":"43a430c0-82b0-44b3-a7b4-6ccefaea90f2","email":"roronoazoljin@gmail.com","role":"teacher","fullName":"PACALDO, CHRISTIAN GLENN","iat":1784616328,"exp":1785221128}
[2026-07-21T07:12:05.066Z] GET /api/live/snapshot: Returning 0 active snapshots
[2026-07-21T07:12:07.579Z] GET /api/live/snapshot: session={"userId":"43a430c0-82b0-44b3-a7b4-6ccefaea90f2","email":"roronoazoljin@gmail.com","role":"teacher","fullName":"PACALDO, CHRISTIAN GLENN","iat":1784616328,"exp":1785221128}
[2026-07-21T07:12:07.580Z] GET /api/live/snapshot: Returning 0 active snapshots
[2026-07-21T07:12:11.073Z] GET /api/live/snapshot: session={"userId":"43a430c0-82b0-44b3-a7b4-6ccefaea90f2","email":"roronoazoljin@gmail.com","role":"teacher","fullName":"PACALDO, CHRISTIAN GLENN","iat":1784616328,"exp":1785221128}
[2026-07-21T07:12:11.076Z] GET /api/live/snapshot: Returning 0 active snapshots
[2026-07-21T07:12:14.078Z] GET /api/live/snapshot: session={"userId":"43a430c0-82b0-44b3-a7b4-6ccefaea90f2","email":"roronoazoljin@gmail.com","role":"teacher","fullName":"PACALDO, CHRISTIAN GLENN","iat":1784616328,"exp":1785221128}
[2026-07-21T07:12:14.081Z] GET /api/live/snapshot: Returning 0 active snapshots
[2026-07-21T07:12:17.069Z] GET /api/live/snapshot: session={"userId":"43a430c0-82b0-44b3-a7b4-6ccefaea90f2","email":"roronoazoljin@gmail.com","role":"teacher","fullName":"PACALDO, CHRISTIAN GLENN","iat":1784616328,"exp":1785221128}
[2026-07-21T07:12:17.070Z] GET /api/live/snapshot: Returning 0 active snapshots
[2026-07-21T07:12:20.066Z] GET /api/live/snapshot: session={"userId":"43a430c0-82b0-44b3-a7b4-6ccefaea90f2","email":"roronoazoljin@gmail.com","role":"teacher","fullName":"PACALDO, CHRISTIAN GLENN","iat":1784616328,"exp":1785221128}
[2026-07-21T07:12:20.067Z] GET /api/live/snapshot: Returning 0 active snapshots
[2026-07-21T07:12:23.066Z] GET /api/live/snapshot: session={"userId":"43a430c0-82b0-44b3-a7b4-6ccefaea90f2","email":"roronoazoljin@gmail.com","role":"teacher","fullName":"PACALDO, CHRISTIAN GLENN","iat":1784616328,"exp":1785221128}
[2026-07-21T07:12:23.067Z] GET /api/live/snapshot: Returning 0 active snapshots
[2026-07-21T07:12:26.070Z] GET /api/live/snapshot: session={"userId":"43a430c0-82b0-44b3-a7b4-6ccefaea90f2","email":"roronoazoljin@gmail.com","role":"teacher","fullName":"PACALDO, CHRISTIAN GLENN","iat":1784616328,"exp":1785221128}
[2026-07-21T07:12:26.071Z] GET /api/live/snapshot: Returning 0 active snapshots
[2026-07-21T07:12:29.061Z] GET /api/live/snapshot: session={"userId":"43a430c0-82b0-44b3-a7b4-6ccefaea90f2","email":"roronoazoljin@gmail.com","role":"teacher","fullName":"PACALDO, CHRISTIAN GLENN","iat":1784616328,"exp":1785221128}
[2026-07-21T07:12:29.062Z] GET /api/live/snapshot: Returning 0 active snapshots
[2026-07-21T07:12:32.065Z] GET /api/live/snapshot: session={"userId":"43a430c0-82b0-44b3-a7b4-6ccefaea90f2","email":"roronoazoljin@gmail.com","role":"teacher","fullName":"PACALDO, CHRISTIAN GLENN","iat":1784616328,"exp":1785221128}
[2026-07-21T07:12:32.066Z] GET /api/live/snapshot: Returning 0 active snapshots
[2026-07-21T07:12:35.072Z] GET /api/live/snapshot: session={"userId":"43a430c0-82b0-44b3-a7b4-6ccefaea90f2","email":"roronoazoljin@gmail.com","role":"teacher","fullName":"PACALDO, CHRISTIAN GLENN","iat":1784616328,"exp":1785221128}
[2026-07-21T07:12:35.072Z] GET /api/live/snapshot: Returning 0 active snapshots
[2026-07-21T07:12:38.064Z] GET /api/live/snapshot: session={"userId":"43a430c0-82b0-44b3-a7b4-6ccefaea90f2","email":"roronoazoljin@gmail.com","role":"teacher","fullName":"PACALDO, CHRISTIAN GLENN","iat":1784616328,"exp":1785221128}
[2026-07-21T07:12:38.065Z] GET /api/live/snapshot: Returning 0 active snapshots
[2026-07-21T07:12:41.069Z] GET /api/live/snapshot: session={"userId":"43a430c0-82b0-44b3-a7b4-6ccefaea90f2","email":"roronoazoljin@gmail.com","role":"teacher","fullName":"PACALDO, CHRISTIAN GLENN","iat":1784616328,"exp":1785221128}
[2026-07-21T07:12:41.070Z] GET /api/live/snapshot: Returning 0 active snapshots
[2026-07-21T07:12:44.065Z] GET /api/live/snapshot: session={"userId":"43a430c0-82b0-44b3-a7b4-6ccefaea90f2","email":"roronoazoljin@gmail.com","role":"teacher","fullName":"PACALDO, CHRISTIAN GLENN","iat":1784616328,"exp":1785221128}
[2026-07-21T07:12:44.066Z] GET /api/live/snapshot: Returning 0 active snapshots
[2026-07-21T07:12:46.136Z] GET /api/live/snapshot: session={"userId":"43a430c0-82b0-44b3-a7b4-6ccefaea90f2","email":"roronoazoljin@gmail.com","role":"teacher","fullName":"PACALDO, CHRISTIAN GLENN","iat":1784616328,"exp":1785221128}
[2026-07-21T07:12:46.138Z] GET /api/live/snapshot: Returning 0 active snapshots
[2026-07-21T07:13:27.790Z] POST /api/live/join: session={"userId":"8e6a7361-0286-4cdb-ac89-f6ad0404a696","email":"pacaldochristian53@gmail.com","role":"student","fullName":"Christian Pacaldo","iat":1784617961,"exp":1785222761}
[2026-07-21T07:13:28.148Z] POST /api/live/join: Student Christian Pacaldo successfully joined quiz asdwas
[2026-07-21T07:13:35.342Z] POST /api/live/snapshot: session={"userId":"8e6a7361-0286-4cdb-ac89-f6ad0404a696","email":"pacaldochristian53@gmail.com","role":"student","fullName":"Christian Pacaldo","iat":1784617961,"exp":1785222761}
[2026-07-21T07:13:35.344Z] POST /api/live/snapshot: Stored snapshot for Christian Pacaldo (active count: 1)
[2026-07-21T07:13:40.636Z] POST /api/live/snapshot: session={"userId":"8e6a7361-0286-4cdb-ac89-f6ad0404a696","email":"pacaldochristian53@gmail.com","role":"student","fullName":"Christian Pacaldo","iat":1784617961,"exp":1785222761}
[2026-07-21T07:13:40.639Z] POST /api/live/snapshot: Stored snapshot for Christian Pacaldo (active count: 1)
[2026-07-21T07:13:41.302Z] POST /api/live/snapshot: session={"userId":"8e6a7361-0286-4cdb-ac89-f6ad0404a696","email":"pacaldochristian53@gmail.com","role":"student","fullName":"Christian Pacaldo","iat":1784617961,"exp":1785222761}
[2026-07-21T07:13:41.304Z] POST /api/live/snapshot: Stored snapshot for Christian Pacaldo (active count: 1)
[2026-07-21T07:13:44.352Z] POST /api/live/snapshot: session={"userId":"8e6a7361-0286-4cdb-ac89-f6ad0404a696","email":"pacaldochristian53@gmail.com","role":"student","fullName":"Christian Pacaldo","iat":1784617961,"exp":1785222761}
[2026-07-21T07:13:44.353Z] POST /api/live/snapshot: Stored snapshot for Christian Pacaldo (active count: 1)
[2026-07-21T07:13:46.373Z] GET /api/live/snapshot: session={"userId":"43a430c0-82b0-44b3-a7b4-6ccefaea90f2","email":"roronoazoljin@gmail.com","role":"teacher","fullName":"PACALDO, CHRISTIAN GLENN","iat":1784616328,"exp":1785221128}
[2026-07-21T07:13:46.374Z] GET /api/live/snapshot: Returning 1 active snapshots
[2026-07-21T07:13:47.318Z] POST /api/live/snapshot: session={"userId":"8e6a7361-0286-4cdb-ac89-f6ad0404a696","email":"pacaldochristian53@gmail.com","role":"student","fullName":"Christian Pacaldo","iat":1784617961,"exp":1785222761}
[2026-07-21T07:13:47.319Z] POST /api/live/snapshot: Stored snapshot for Christian Pacaldo (active count: 1)
[2026-07-21T07:13:49.380Z] GET /api/live/snapshot: session={"userId":"43a430c0-82b0-44b3-a7b4-6ccefaea90f2","email":"roronoazoljin@gmail.com","role":"teacher","fullName":"PACALDO, CHRISTIAN GLENN","iat":1784616328,"exp":1785221128}
[2026-07-21T07:13:49.381Z] GET /api/live/snapshot: Returning 1 active snapshots
[2026-07-21T07:13:50.325Z] POST /api/live/snapshot: session={"userId":"8e6a7361-0286-4cdb-ac89-f6ad0404a696","email":"pacaldochristian53@gmail.com","role":"student","fullName":"Christian Pacaldo","iat":1784617961,"exp":1785222761}
[2026-07-21T07:13:50.328Z] POST /api/live/snapshot: Stored snapshot for Christian Pacaldo (active count: 1)
[2026-07-21T07:13:52.376Z] GET /api/live/snapshot: session={"userId":"43a430c0-82b0-44b3-a7b4-6ccefaea90f2","email":"roronoazoljin@gmail.com","role":"teacher","fullName":"PACALDO, CHRISTIAN GLENN","iat":1784616328,"exp":1785221128}
[2026-07-21T07:13:52.377Z] GET /api/live/snapshot: Returning 1 active snapshots
[2026-07-21T07:13:53.353Z] POST /api/live/snapshot: session={"userId":"8e6a7361-0286-4cdb-ac89-f6ad0404a696","email":"pacaldochristian53@gmail.com","role":"student","fullName":"Christian Pacaldo","iat":1784617961,"exp":1785222761}
[2026-07-21T07:13:53.357Z] POST /api/live/snapshot: Stored snapshot for Christian Pacaldo (active count: 1)
[2026-07-21T07:13:55.377Z] GET /api/live/snapshot: session={"userId":"43a430c0-82b0-44b3-a7b4-6ccefaea90f2","email":"roronoazoljin@gmail.com","role":"teacher","fullName":"PACALDO, CHRISTIAN GLENN","iat":1784616328,"exp":1785221128}
[2026-07-21T07:13:55.378Z] GET /api/live/snapshot: Returning 1 active snapshots
[2026-07-21T07:13:56.317Z] POST /api/live/snapshot: session={"userId":"8e6a7361-0286-4cdb-ac89-f6ad0404a696","email":"pacaldochristian53@gmail.com","role":"student","fullName":"Christian Pacaldo","iat":1784617961,"exp":1785222761}
[2026-07-21T07:13:56.319Z] POST /api/live/snapshot: Stored snapshot for Christian Pacaldo (active count: 1)
[2026-07-21T07:13:58.381Z] GET /api/live/snapshot: session={"userId":"43a430c0-82b0-44b3-a7b4-6ccefaea90f2","email":"roronoazoljin@gmail.com","role":"teacher","fullName":"PACALDO, CHRISTIAN GLENN","iat":1784616328,"exp":1785221128}
[2026-07-21T07:13:58.382Z] GET /api/live/snapshot: Returning 1 active snapshots
[2026-07-21T07:13:59.327Z] POST /api/live/snapshot: session={"userId":"8e6a7361-0286-4cdb-ac89-f6ad0404a696","email":"pacaldochristian53@gmail.com","role":"student","fullName":"Christian Pacaldo","iat":1784617961,"exp":1785222761}
[2026-07-21T07:13:59.332Z] POST /api/live/snapshot: Stored snapshot for Christian Pacaldo (active count: 1)
[2026-07-21T07:14:01.376Z] GET /api/live/snapshot: session={"userId":"43a430c0-82b0-44b3-a7b4-6ccefaea90f2","email":"roronoazoljin@gmail.com","role":"teacher","fullName":"PACALDO, CHRISTIAN GLENN","iat":1784616328,"exp":1785221128}
[2026-07-21T07:14:01.377Z] GET /api/live/snapshot: Returning 1 active snapshots
[2026-07-21T07:14:02.080Z] POST /api/live/join: session={"userId":"8e6a7361-0286-4cdb-ac89-f6ad0404a696","email":"pacaldochristian53@gmail.com","role":"student","fullName":"Christian Pacaldo","iat":1784617961,"exp":1785222761}
[2026-07-21T07:14:02.554Z] POST /api/live/join: Student Christian Pacaldo successfully joined quiz asdwas
[2026-07-21T07:14:03.606Z] POST /api/live/snapshot: session={"userId":"8e6a7361-0286-4cdb-ac89-f6ad0404a696","email":"pacaldochristian53@gmail.com","role":"student","fullName":"Christian Pacaldo","iat":1784617961,"exp":1785222761}
[2026-07-21T07:14:03.609Z] POST /api/live/snapshot: Stored snapshot for Christian Pacaldo (active count: 1)
[2026-07-21T07:14:04.377Z] GET /api/live/snapshot: session={"userId":"43a430c0-82b0-44b3-a7b4-6ccefaea90f2","email":"roronoazoljin@gmail.com","role":"teacher","fullName":"PACALDO, CHRISTIAN GLENN","iat":1784616328,"exp":1785221128}
[2026-07-21T07:14:04.378Z] GET /api/live/snapshot: Returning 1 active snapshots
[2026-07-21T07:14:07.376Z] GET /api/live/snapshot: session={"userId":"43a430c0-82b0-44b3-a7b4-6ccefaea90f2","email":"roronoazoljin@gmail.com","role":"teacher","fullName":"PACALDO, CHRISTIAN GLENN","iat":1784616328,"exp":1785221128}
[2026-07-21T07:14:07.377Z] GET /api/live/snapshot: Returning 1 active snapshots
[2026-07-21T07:14:10.375Z] GET /api/live/snapshot: session={"userId":"43a430c0-82b0-44b3-a7b4-6ccefaea90f2","email":"roronoazoljin@gmail.com","role":"teacher","fullName":"PACALDO, CHRISTIAN GLENN","iat":1784616328,"exp":1785221128}
[2026-07-21T07:14:10.376Z] GET /api/live/snapshot: Returning 1 active snapshots
[2026-07-21T07:14:13.374Z] GET /api/live/snapshot: session={"userId":"43a430c0-82b0-44b3-a7b4-6ccefaea90f2","email":"roronoazoljin@gmail.com","role":"teacher","fullName":"PACALDO, CHRISTIAN GLENN","iat":1784616328,"exp":1785221128}
[2026-07-21T07:14:13.375Z] GET /api/live/snapshot: Returning 1 active snapshots
[2026-07-21T07:14:16.374Z] GET /api/live/snapshot: session={"userId":"43a430c0-82b0-44b3-a7b4-6ccefaea90f2","email":"roronoazoljin@gmail.com","role":"teacher","fullName":"PACALDO, CHRISTIAN GLENN","iat":1784616328,"exp":1785221128}
[2026-07-21T07:14:16.375Z] GET /api/live/snapshot: Returning 1 active snapshots
[2026-07-21T07:14:19.373Z] GET /api/live/snapshot: session={"userId":"43a430c0-82b0-44b3-a7b4-6ccefaea90f2","email":"roronoazoljin@gmail.com","role":"teacher","fullName":"PACALDO, CHRISTIAN GLENN","iat":1784616328,"exp":1785221128}
[2026-07-21T07:14:19.374Z] GET /api/live/snapshot: Returning 1 active snapshots
[2026-07-21T07:14:22.374Z] GET /api/live/snapshot: session={"userId":"43a430c0-82b0-44b3-a7b4-6ccefaea90f2","email":"roronoazoljin@gmail.com","role":"teacher","fullName":"PACALDO, CHRISTIAN GLENN","iat":1784616328,"exp":1785221128}
[2026-07-21T07:14:22.375Z] GET /api/live/snapshot: Returning 1 active snapshots
[2026-07-21T07:14:25.373Z] GET /api/live/snapshot: session={"userId":"43a430c0-82b0-44b3-a7b4-6ccefaea90f2","email":"roronoazoljin@gmail.com","role":"teacher","fullName":"PACALDO, CHRISTIAN GLENN","iat":1784616328,"exp":1785221128}
[2026-07-21T07:14:25.374Z] GET /api/live/snapshot: Returning 1 active snapshots
[2026-07-21T07:14:28.374Z] GET /api/live/snapshot: session={"userId":"43a430c0-82b0-44b3-a7b4-6ccefaea90f2","email":"roronoazoljin@gmail.com","role":"teacher","fullName":"PACALDO, CHRISTIAN GLENN","iat":1784616328,"exp":1785221128}
[2026-07-21T07:14:28.375Z] GET /api/live/snapshot: Returning 1 active snapshots
[2026-07-21T07:14:31.374Z] GET /api/live/snapshot: session={"userId":"43a430c0-82b0-44b3-a7b4-6ccefaea90f2","email":"roronoazoljin@gmail.com","role":"teacher","fullName":"PACALDO, CHRISTIAN GLENN","iat":1784616328,"exp":1785221128}
[2026-07-21T07:14:31.375Z] GET /api/live/snapshot: Returning 1 active snapshots
[2026-07-21T07:14:34.373Z] GET /api/live/snapshot: session={"userId":"43a430c0-82b0-44b3-a7b4-6ccefaea90f2","email":"roronoazoljin@gmail.com","role":"teacher","fullName":"PACALDO, CHRISTIAN GLENN","iat":1784616328,"exp":1785221128}
[2026-07-21T07:14:34.374Z] GET /api/live/snapshot: Returning 0 active snapshots
[2026-07-21T07:14:37.372Z] GET /api/live/snapshot: session={"userId":"43a430c0-82b0-44b3-a7b4-6ccefaea90f2","email":"roronoazoljin@gmail.com","role":"teacher","fullName":"PACALDO, CHRISTIAN GLENN","iat":1784616328,"exp":1785221128}
[2026-07-21T07:14:37.373Z] GET /api/live/snapshot: Returning 0 active snapshots
[2026-07-21T07:14:40.373Z] GET /api/live/snapshot: session={"userId":"43a430c0-82b0-44b3-a7b4-6ccefaea90f2","email":"roronoazoljin@gmail.com","role":"teacher","fullName":"PACALDO, CHRISTIAN GLENN","iat":1784616328,"exp":1785221128}
[2026-07-21T07:14:40.374Z] GET /api/live/snapshot: Returning 0 active snapshots
[2026-07-21T07:14:43.373Z] GET /api/live/snapshot: session={"userId":"43a430c0-82b0-44b3-a7b4-6ccefaea90f2","email":"roronoazoljin@gmail.com","role":"teacher","fullName":"PACALDO, CHRISTIAN GLENN","iat":1784616328,"exp":1785221128}
[2026-07-21T07:14:43.375Z] GET /api/live/snapshot: Returning 0 active snapshots
[2026-07-21T07:14:46.373Z] GET /api/live/snapshot: session={"userId":"43a430c0-82b0-44b3-a7b4-6ccefaea90f2","email":"roronoazoljin@gmail.com","role":"teacher","fullName":"PACALDO, CHRISTIAN GLENN","iat":1784616328,"exp":1785221128}
[2026-07-21T07:14:46.373Z] GET /api/live/snapshot: Returning 0 active snapshots
[2026-07-21T07:14:49.372Z] GET /api/live/snapshot: session={"userId":"43a430c0-82b0-44b3-a7b4-6ccefaea90f2","email":"roronoazoljin@gmail.com","role":"teacher","fullName":"PACALDO, CHRISTIAN GLENN","iat":1784616328,"exp":1785221128}
[2026-07-21T07:14:49.373Z] GET /api/live/snapshot: Returning 0 active snapshots
[2026-07-21T07:14:52.374Z] GET /api/live/snapshot: session={"userId":"43a430c0-82b0-44b3-a7b4-6ccefaea90f2","email":"roronoazoljin@gmail.com","role":"teacher","fullName":"PACALDO, CHRISTIAN GLENN","iat":1784616328,"exp":1785221128}
[2026-07-21T07:14:52.375Z] GET /api/live/snapshot: Returning 0 active snapshots
[2026-07-21T07:15:03.088Z] GET /api/live/snapshot: session={"userId":"43a430c0-82b0-44b3-a7b4-6ccefaea90f2","email":"roronoazoljin@gmail.com","role":"teacher","fullName":"PACALDO, CHRISTIAN GLENN","iat":1784616328,"exp":1785221128}
[2026-07-21T07:15:03.089Z] GET /api/live/snapshot: Returning 0 active snapshots
[2026-07-21T07:15:06.087Z] GET /api/live/snapshot: session={"userId":"43a430c0-82b0-44b3-a7b4-6ccefaea90f2","email":"roronoazoljin@gmail.com","role":"teacher","fullName":"PACALDO, CHRISTIAN GLENN","iat":1784616328,"exp":1785221128}
[2026-07-21T07:15:06.088Z] GET /api/live/snapshot: Returning 0 active snapshots
[2026-07-21T07:15:09.088Z] GET /api/live/snapshot: session={"userId":"43a430c0-82b0-44b3-a7b4-6ccefaea90f2","email":"roronoazoljin@gmail.com","role":"teacher","fullName":"PACALDO, CHRISTIAN GLENN","iat":1784616328,"exp":1785221128}
[2026-07-21T07:15:09.089Z] GET /api/live/snapshot: Returning 0 active snapshots
[2026-07-21T07:15:13.070Z] GET /api/live/snapshot: session={"userId":"43a430c0-82b0-44b3-a7b4-6ccefaea90f2","email":"roronoazoljin@gmail.com","role":"teacher","fullName":"PACALDO, CHRISTIAN GLENN","iat":1784616328,"exp":1785221128}
[2026-07-21T07:15:13.071Z] GET /api/live/snapshot: Returning 0 active snapshots
[2026-07-21T07:15:16.076Z] GET /api/live/snapshot: session={"userId":"43a430c0-82b0-44b3-a7b4-6ccefaea90f2","email":"roronoazoljin@gmail.com","role":"teacher","fullName":"PACALDO, CHRISTIAN GLENN","iat":1784616328,"exp":1785221128}
[2026-07-21T07:15:16.077Z] GET /api/live/snapshot: Returning 0 active snapshots
[2026-07-21T07:15:19.075Z] GET /api/live/snapshot: session={"userId":"43a430c0-82b0-44b3-a7b4-6ccefaea90f2","email":"roronoazoljin@gmail.com","role":"teacher","fullName":"PACALDO, CHRISTIAN GLENN","iat":1784616328,"exp":1785221128}
[2026-07-21T07:15:19.076Z] GET /api/live/snapshot: Returning 0 active snapshots
[2026-07-21T07:15:22.073Z] GET /api/live/snapshot: session={"userId":"43a430c0-82b0-44b3-a7b4-6ccefaea90f2","email":"roronoazoljin@gmail.com","role":"teacher","fullName":"PACALDO, CHRISTIAN GLENN","iat":1784616328,"exp":1785221128}
[2026-07-21T07:15:22.073Z] GET /api/live/snapshot: Returning 0 active snapshots
[2026-07-21T07:15:25.073Z] GET /api/live/snapshot: session={"userId":"43a430c0-82b0-44b3-a7b4-6ccefaea90f2","email":"roronoazoljin@gmail.com","role":"teacher","fullName":"PACALDO, CHRISTIAN GLENN","iat":1784616328,"exp":1785221128}
[2026-07-21T07:15:25.074Z] GET /api/live/snapshot: Returning 0 active snapshots
[2026-07-21T07:15:28.077Z] GET /api/live/snapshot: session={"userId":"43a430c0-82b0-44b3-a7b4-6ccefaea90f2","email":"roronoazoljin@gmail.com","role":"teacher","fullName":"PACALDO, CHRISTIAN GLENN","iat":1784616328,"exp":1785221128}
[2026-07-21T07:15:28.079Z] GET /api/live/snapshot: Returning 0 active snapshots
[2026-07-21T07:15:31.069Z] GET /api/live/snapshot: session={"userId":"43a430c0-82b0-44b3-a7b4-6ccefaea90f2","email":"roronoazoljin@gmail.com","role":"teacher","fullName":"PACALDO, CHRISTIAN GLENN","iat":1784616328,"exp":1785221128}
[2026-07-21T07:15:31.070Z] GET /api/live/snapshot: Returning 0 active snapshots
[2026-07-21T07:15:34.073Z] GET /api/live/snapshot: session={"userId":"43a430c0-82b0-44b3-a7b4-6ccefaea90f2","email":"roronoazoljin@gmail.com","role":"teacher","fullName":"PACALDO, CHRISTIAN GLENN","iat":1784616328,"exp":1785221128}
[2026-07-21T07:15:34.074Z] GET /api/live/snapshot: Returning 0 active snapshots
[2026-07-21T07:15:37.080Z] GET /api/live/snapshot: session={"userId":"43a430c0-82b0-44b3-a7b4-6ccefaea90f2","email":"roronoazoljin@gmail.com","role":"teacher","fullName":"PACALDO, CHRISTIAN GLENN","iat":1784616328,"exp":1785221128}
[2026-07-21T07:15:37.080Z] GET /api/live/snapshot: Returning 0 active snapshots
[2026-07-21T07:15:40.069Z] GET /api/live/snapshot: session={"userId":"43a430c0-82b0-44b3-a7b4-6ccefaea90f2","email":"roronoazoljin@gmail.com","role":"teacher","fullName":"PACALDO, CHRISTIAN GLENN","iat":1784616328,"exp":1785221128}
[2026-07-21T07:15:40.070Z] GET /api/live/snapshot: Returning 0 active snapshots
[2026-07-21T07:15:43.068Z] GET /api/live/snapshot: session={"userId":"43a430c0-82b0-44b3-a7b4-6ccefaea90f2","email":"roronoazoljin@gmail.com","role":"teacher","fullName":"PACALDO, CHRISTIAN GLENN","iat":1784616328,"exp":1785221128}
[2026-07-21T07:15:43.069Z] GET /api/live/snapshot: Returning 0 active snapshots
[2026-07-21T07:15:46.074Z] GET /api/live/snapshot: session={"userId":"43a430c0-82b0-44b3-a7b4-6ccefaea90f2","email":"roronoazoljin@gmail.com","role":"teacher","fullName":"PACALDO, CHRISTIAN GLENN","iat":1784616328,"exp":1785221128}
[2026-07-21T07:15:46.075Z] GET /api/live/snapshot: Returning 0 active snapshots
[2026-07-21T07:15:49.062Z] GET /api/live/snapshot: session={"userId":"43a430c0-82b0-44b3-a7b4-6ccefaea90f2","email":"roronoazoljin@gmail.com","role":"teacher","fullName":"PACALDO, CHRISTIAN GLENN","iat":1784616328,"exp":1785221128}
[2026-07-21T07:15:49.062Z] GET /api/live/snapshot: Returning 0 active snapshots
[2026-07-21T07:15:52.067Z] GET /api/live/snapshot: session={"userId":"43a430c0-82b0-44b3-a7b4-6ccefaea90f2","email":"roronoazoljin@gmail.com","role":"teacher","fullName":"PACALDO, CHRISTIAN GLENN","iat":1784616328,"exp":1785221128}
[2026-07-21T07:15:52.068Z] GET /api/live/snapshot: Returning 0 active snapshots
[2026-07-21T07:15:54.088Z] GET /api/live/snapshot: session={"userId":"43a430c0-82b0-44b3-a7b4-6ccefaea90f2","email":"roronoazoljin@gmail.com","role":"teacher","fullName":"PACALDO, CHRISTIAN GLENN","iat":1784616328,"exp":1785221128}
[2026-07-21T07:15:54.089Z] GET /api/live/snapshot: Returning 0 active snapshots
[2026-07-21T07:15:57.101Z] GET /api/live/snapshot: session={"userId":"43a430c0-82b0-44b3-a7b4-6ccefaea90f2","email":"roronoazoljin@gmail.com","role":"teacher","fullName":"PACALDO, CHRISTIAN GLENN","iat":1784616328,"exp":1785221128}
[2026-07-21T07:15:57.101Z] GET /api/live/snapshot: Returning 0 active snapshots
[2026-07-21T07:16:00.090Z] GET /api/live/snapshot: session={"userId":"43a430c0-82b0-44b3-a7b4-6ccefaea90f2","email":"roronoazoljin@gmail.com","role":"teacher","fullName":"PACALDO, CHRISTIAN GLENN","iat":1784616328,"exp":1785221128}
[2026-07-21T07:16:00.090Z] GET /api/live/snapshot: Returning 0 active snapshots
[2026-07-21T07:27:51.818Z] GET /api/live/snapshot: session={"userId":"8e6a7361-0286-4cdb-ac89-f6ad0404a696","email":"pacaldochristian53@gmail.com","role":"teacher","fullName":"Christian Pacaldo","iat":1784618849,"exp":1785223649}
[2026-07-21T07:27:51.824Z] GET /api/live/snapshot: Returning 0 active snapshots
[2026-07-21T07:27:54.810Z] GET /api/live/snapshot: session={"userId":"8e6a7361-0286-4cdb-ac89-f6ad0404a696","email":"pacaldochristian53@gmail.com","role":"teacher","fullName":"Christian Pacaldo","iat":1784618849,"exp":1785223649}
[2026-07-21T07:27:54.811Z] GET /api/live/snapshot: Returning 0 active snapshots
[2026-07-21T07:30:22.697Z] POST /api/live/join: session={"userId":"43a430c0-82b0-44b3-a7b4-6ccefaea90f2","email":"roronoazoljin@gmail.com","role":"student","fullName":"PACALDO, CHRISTIAN GLENN","iat":1784618781,"exp":1785223581}
[2026-07-21T07:30:22.749Z] POST /api/live/snapshot: session={"userId":"43a430c0-82b0-44b3-a7b4-6ccefaea90f2","email":"roronoazoljin@gmail.com","role":"student","fullName":"PACALDO, CHRISTIAN GLENN","iat":1784618781,"exp":1785223581}
[2026-07-21T07:30:22.755Z] POST /api/live/snapshot: Stored snapshot for PACALDO, CHRISTIAN GLENN (active count: 1)
[2026-07-21T07:30:25.165Z] POST /api/live/join: Student PACALDO, CHRISTIAN GLENN successfully joined quiz asdwasdw
[2026-07-21T07:30:32.237Z] GET /api/live/snapshot: session={"userId":"8e6a7361-0286-4cdb-ac89-f6ad0404a696","email":"pacaldochristian53@gmail.com","role":"teacher","fullName":"Christian Pacaldo","iat":1784618849,"exp":1785223649}
[2026-07-21T07:30:32.239Z] GET /api/live/snapshot: Returning 1 active snapshots
[2026-07-21T07:30:32.583Z] POST /api/live/snapshot: session={"userId":"43a430c0-82b0-44b3-a7b4-6ccefaea90f2","email":"roronoazoljin@gmail.com","role":"student","fullName":"PACALDO, CHRISTIAN GLENN","iat":1784618781,"exp":1785223581}
[2026-07-21T07:30:32.586Z] POST /api/live/snapshot: Stored snapshot for PACALDO, CHRISTIAN GLENN (active count: 1)
[2026-07-21T07:30:34.189Z] POST /api/live/snapshot: session={"userId":"43a430c0-82b0-44b3-a7b4-6ccefaea90f2","email":"roronoazoljin@gmail.com","role":"student","fullName":"PACALDO, CHRISTIAN GLENN","iat":1784618781,"exp":1785223581}
[2026-07-21T07:30:34.193Z] POST /api/live/snapshot: Stored snapshot for PACALDO, CHRISTIAN GLENN (active count: 1)
[2026-07-21T07:30:35.244Z] GET /api/live/snapshot: session={"userId":"8e6a7361-0286-4cdb-ac89-f6ad0404a696","email":"pacaldochristian53@gmail.com","role":"teacher","fullName":"Christian Pacaldo","iat":1784618849,"exp":1785223649}
[2026-07-21T07:30:35.246Z] GET /api/live/snapshot: Returning 1 active snapshots
[2026-07-21T07:30:37.180Z] POST /api/live/snapshot: session={"userId":"43a430c0-82b0-44b3-a7b4-6ccefaea90f2","email":"roronoazoljin@gmail.com","role":"student","fullName":"PACALDO, CHRISTIAN GLENN","iat":1784618781,"exp":1785223581}
[2026-07-21T07:30:37.184Z] POST /api/live/snapshot: Stored snapshot for PACALDO, CHRISTIAN GLENN (active count: 1)
[2026-07-21T07:30:38.239Z] GET /api/live/snapshot: session={"userId":"8e6a7361-0286-4cdb-ac89-f6ad0404a696","email":"pacaldochristian53@gmail.com","role":"teacher","fullName":"Christian Pacaldo","iat":1784618849,"exp":1785223649}
[2026-07-21T07:30:38.241Z] GET /api/live/snapshot: Returning 1 active snapshots
[2026-07-21T07:30:40.196Z] POST /api/live/snapshot: session={"userId":"43a430c0-82b0-44b3-a7b4-6ccefaea90f2","email":"roronoazoljin@gmail.com","role":"student","fullName":"PACALDO, CHRISTIAN GLENN","iat":1784618781,"exp":1785223581}
[2026-07-21T07:30:40.201Z] POST /api/live/snapshot: Stored snapshot for PACALDO, CHRISTIAN GLENN (active count: 1)
[2026-07-21T07:30:41.240Z] GET /api/live/snapshot: session={"userId":"8e6a7361-0286-4cdb-ac89-f6ad0404a696","email":"pacaldochristian53@gmail.com","role":"teacher","fullName":"Christian Pacaldo","iat":1784618849,"exp":1785223649}
[2026-07-21T07:30:41.242Z] GET /api/live/snapshot: Returning 1 active snapshots
[2026-07-21T07:30:43.182Z] POST /api/live/snapshot: session={"userId":"43a430c0-82b0-44b3-a7b4-6ccefaea90f2","email":"roronoazoljin@gmail.com","role":"student","fullName":"PACALDO, CHRISTIAN GLENN","iat":1784618781,"exp":1785223581}
[2026-07-21T07:30:43.186Z] POST /api/live/snapshot: Stored snapshot for PACALDO, CHRISTIAN GLENN (active count: 1)
[2026-07-21T07:30:46.181Z] POST /api/live/snapshot: session={"userId":"43a430c0-82b0-44b3-a7b4-6ccefaea90f2","email":"roronoazoljin@gmail.com","role":"student","fullName":"PACALDO, CHRISTIAN GLENN","iat":1784618781,"exp":1785223581}
[2026-07-21T07:30:46.183Z] POST /api/live/snapshot: Stored snapshot for PACALDO, CHRISTIAN GLENN (active count: 1)
[2026-07-21T07:30:49.243Z] POST /api/live/snapshot: session={"userId":"43a430c0-82b0-44b3-a7b4-6ccefaea90f2","email":"roronoazoljin@gmail.com","role":"student","fullName":"PACALDO, CHRISTIAN GLENN","iat":1784618781,"exp":1785223581}
[2026-07-21T07:30:49.246Z] POST /api/live/snapshot: Stored snapshot for PACALDO, CHRISTIAN GLENN (active count: 1)
[2026-07-21T07:30:52.177Z] POST /api/live/snapshot: session={"userId":"43a430c0-82b0-44b3-a7b4-6ccefaea90f2","email":"roronoazoljin@gmail.com","role":"student","fullName":"PACALDO, CHRISTIAN GLENN","iat":1784618781,"exp":1785223581}
[2026-07-21T07:30:52.182Z] POST /api/live/snapshot: Stored snapshot for PACALDO, CHRISTIAN GLENN (active count: 1)
[2026-07-21T07:30:56.492Z] POST /api/live/join: session={"userId":"43a430c0-82b0-44b3-a7b4-6ccefaea90f2","email":"roronoazoljin@gmail.com","role":"student","fullName":"PACALDO, CHRISTIAN GLENN","iat":1784618781,"exp":1785223581}
[2026-07-21T07:30:56.992Z] POST /api/live/join: Student PACALDO, CHRISTIAN GLENN successfully joined quiz asdwasdw
[2026-07-21T07:30:58.033Z] POST /api/live/snapshot: session={"userId":"43a430c0-82b0-44b3-a7b4-6ccefaea90f2","email":"roronoazoljin@gmail.com","role":"student","fullName":"PACALDO, CHRISTIAN GLENN","iat":1784618781,"exp":1785223581}
[2026-07-21T07:30:58.036Z] POST /api/live/snapshot: Stored snapshot for PACALDO, CHRISTIAN GLENN (active count: 1)
[2026-07-21T07:32:06.269Z] GET /api/live/snapshot: session={"userId":"8e6a7361-0286-4cdb-ac89-f6ad0404a696","email":"pacaldochristian53@gmail.com","role":"teacher","fullName":"Christian Pacaldo","iat":1784618849,"exp":1785223649}
[2026-07-21T07:32:06.270Z] GET /api/live/snapshot: Returning 0 active snapshots
[2026-07-21T07:32:09.267Z] GET /api/live/snapshot: session={"userId":"8e6a7361-0286-4cdb-ac89-f6ad0404a696","email":"pacaldochristian53@gmail.com","role":"teacher","fullName":"Christian Pacaldo","iat":1784618849,"exp":1785223649}
[2026-07-21T07:32:09.268Z] GET /api/live/snapshot: Returning 0 active snapshots
[2026-07-21T07:32:12.268Z] GET /api/live/snapshot: session={"userId":"8e6a7361-0286-4cdb-ac89-f6ad0404a696","email":"pacaldochristian53@gmail.com","role":"teacher","fullName":"Christian Pacaldo","iat":1784618849,"exp":1785223649}
[2026-07-21T07:32:12.269Z] GET /api/live/snapshot: Returning 0 active snapshots
[2026-07-21T07:32:15.277Z] GET /api/live/snapshot: session={"userId":"8e6a7361-0286-4cdb-ac89-f6ad0404a696","email":"pacaldochristian53@gmail.com","role":"teacher","fullName":"Christian Pacaldo","iat":1784618849,"exp":1785223649}
[2026-07-21T07:32:15.278Z] GET /api/live/snapshot: Returning 0 active snapshots
[2026-07-21T07:32:18.278Z] GET /api/live/snapshot: session={"userId":"8e6a7361-0286-4cdb-ac89-f6ad0404a696","email":"pacaldochristian53@gmail.com","role":"teacher","fullName":"Christian Pacaldo","iat":1784618849,"exp":1785223649}
[2026-07-21T07:32:18.279Z] GET /api/live/snapshot: Returning 0 active snapshots
[2026-07-21T07:32:21.269Z] GET /api/live/snapshot: session={"userId":"8e6a7361-0286-4cdb-ac89-f6ad0404a696","email":"pacaldochristian53@gmail.com","role":"teacher","fullName":"Christian Pacaldo","iat":1784618849,"exp":1785223649}
[2026-07-21T07:32:21.269Z] GET /api/live/snapshot: Returning 0 active snapshots
[2026-07-21T07:32:24.282Z] GET /api/live/snapshot: session={"userId":"8e6a7361-0286-4cdb-ac89-f6ad0404a696","email":"pacaldochristian53@gmail.com","role":"teacher","fullName":"Christian Pacaldo","iat":1784618849,"exp":1785223649}
[2026-07-21T07:32:24.283Z] GET /api/live/snapshot: Returning 0 active snapshots
[2026-07-21T07:32:27.281Z] GET /api/live/snapshot: session={"userId":"8e6a7361-0286-4cdb-ac89-f6ad0404a696","email":"pacaldochristian53@gmail.com","role":"teacher","fullName":"Christian Pacaldo","iat":1784618849,"exp":1785223649}
[2026-07-21T07:32:27.283Z] GET /api/live/snapshot: Returning 0 active snapshots
[2026-07-21T07:32:30.271Z] GET /api/live/snapshot: session={"userId":"8e6a7361-0286-4cdb-ac89-f6ad0404a696","email":"pacaldochristian53@gmail.com","role":"teacher","fullName":"Christian Pacaldo","iat":1784618849,"exp":1785223649}
[2026-07-21T07:32:30.272Z] GET /api/live/snapshot: Returning 0 active snapshots
[2026-07-21T07:32:33.281Z] GET /api/live/snapshot: session={"userId":"8e6a7361-0286-4cdb-ac89-f6ad0404a696","email":"pacaldochristian53@gmail.com","role":"teacher","fullName":"Christian Pacaldo","iat":1784618849,"exp":1785223649}
[2026-07-21T07:32:33.283Z] GET /api/live/snapshot: Returning 0 active snapshots
[2026-07-21T07:32:36.276Z] GET /api/live/snapshot: session={"userId":"8e6a7361-0286-4cdb-ac89-f6ad0404a696","email":"pacaldochristian53@gmail.com","role":"teacher","fullName":"Christian Pacaldo","iat":1784618849,"exp":1785223649}
[2026-07-21T07:32:36.277Z] GET /api/live/snapshot: Returning 0 active snapshots
[2026-07-21T07:32:39.283Z] GET /api/live/snapshot: session={"userId":"8e6a7361-0286-4cdb-ac89-f6ad0404a696","email":"pacaldochristian53@gmail.com","role":"teacher","fullName":"Christian Pacaldo","iat":1784618849,"exp":1785223649}
[2026-07-21T07:32:39.284Z] GET /api/live/snapshot: Returning 0 active snapshots
[2026-07-21T07:32:42.277Z] GET /api/live/snapshot: session={"userId":"8e6a7361-0286-4cdb-ac89-f6ad0404a696","email":"pacaldochristian53@gmail.com","role":"teacher","fullName":"Christian Pacaldo","iat":1784618849,"exp":1785223649}
[2026-07-21T07:32:42.280Z] GET /api/live/snapshot: Returning 0 active snapshots
[2026-07-21T07:32:45.284Z] GET /api/live/snapshot: session={"userId":"8e6a7361-0286-4cdb-ac89-f6ad0404a696","email":"pacaldochristian53@gmail.com","role":"teacher","fullName":"Christian Pacaldo","iat":1784618849,"exp":1785223649}
[2026-07-21T07:32:45.287Z] GET /api/live/snapshot: Returning 0 active snapshots
[2026-07-21T07:32:48.276Z] GET /api/live/snapshot: session={"userId":"8e6a7361-0286-4cdb-ac89-f6ad0404a696","email":"pacaldochristian53@gmail.com","role":"teacher","fullName":"Christian Pacaldo","iat":1784618849,"exp":1785223649}
[2026-07-21T07:32:48.277Z] GET /api/live/snapshot: Returning 0 active snapshots
[2026-07-21T07:32:51.276Z] GET /api/live/snapshot: session={"userId":"8e6a7361-0286-4cdb-ac89-f6ad0404a696","email":"pacaldochristian53@gmail.com","role":"teacher","fullName":"Christian Pacaldo","iat":1784618849,"exp":1785223649}
[2026-07-21T07:32:51.277Z] GET /api/live/snapshot: Returning 0 active snapshots
[2026-07-21T07:32:54.268Z] GET /api/live/snapshot: session={"userId":"8e6a7361-0286-4cdb-ac89-f6ad0404a696","email":"pacaldochristian53@gmail.com","role":"teacher","fullName":"Christian Pacaldo","iat":1784618849,"exp":1785223649}
[2026-07-21T07:32:54.269Z] GET /api/live/snapshot: Returning 0 active snapshots
[2026-07-21T07:32:57.277Z] GET /api/live/snapshot: session={"userId":"8e6a7361-0286-4cdb-ac89-f6ad0404a696","email":"pacaldochristian53@gmail.com","role":"teacher","fullName":"Christian Pacaldo","iat":1784618849,"exp":1785223649}
[2026-07-21T07:32:57.278Z] GET /api/live/snapshot: Returning 0 active snapshots
[2026-07-21T07:33:00.273Z] GET /api/live/snapshot: session={"userId":"8e6a7361-0286-4cdb-ac89-f6ad0404a696","email":"pacaldochristian53@gmail.com","role":"teacher","fullName":"Christian Pacaldo","iat":1784618849,"exp":1785223649}
[2026-07-21T07:33:00.274Z] GET /api/live/snapshot: Returning 0 active snapshots
[2026-07-21T07:33:03.277Z] GET /api/live/snapshot: session={"userId":"8e6a7361-0286-4cdb-ac89-f6ad0404a696","email":"pacaldochristian53@gmail.com","role":"teacher","fullName":"Christian Pacaldo","iat":1784618849,"exp":1785223649}
[2026-07-21T07:33:03.278Z] GET /api/live/snapshot: Returning 0 active snapshots
[2026-07-21T07:33:06.276Z] GET /api/live/snapshot: session={"userId":"8e6a7361-0286-4cdb-ac89-f6ad0404a696","email":"pacaldochristian53@gmail.com","role":"teacher","fullName":"Christian Pacaldo","iat":1784618849,"exp":1785223649}
[2026-07-21T07:33:06.277Z] GET /api/live/snapshot: Returning 0 active snapshots
[2026-07-21T07:33:09.275Z] GET /api/live/snapshot: session={"userId":"8e6a7361-0286-4cdb-ac89-f6ad0404a696","email":"pacaldochristian53@gmail.com","role":"teacher","fullName":"Christian Pacaldo","iat":1784618849,"exp":1785223649}
[2026-07-21T07:33:09.276Z] GET /api/live/snapshot: Returning 0 active snapshots
[2026-07-21T07:33:12.274Z] GET /api/live/snapshot: session={"userId":"8e6a7361-0286-4cdb-ac89-f6ad0404a696","email":"pacaldochristian53@gmail.com","role":"teacher","fullName":"Christian Pacaldo","iat":1784618849,"exp":1785223649}
[2026-07-21T07:33:12.274Z] GET /api/live/snapshot: Returning 0 active snapshots
[2026-07-21T07:33:15.277Z] GET /api/live/snapshot: session={"userId":"8e6a7361-0286-4cdb-ac89-f6ad0404a696","email":"pacaldochristian53@gmail.com","role":"teacher","fullName":"Christian Pacaldo","iat":1784618849,"exp":1785223649}
[2026-07-21T07:33:15.278Z] GET /api/live/snapshot: Returning 0 active snapshots
[2026-07-21T07:33:18.278Z] GET /api/live/snapshot: session={"userId":"8e6a7361-0286-4cdb-ac89-f6ad0404a696","email":"pacaldochristian53@gmail.com","role":"teacher","fullName":"Christian Pacaldo","iat":1784618849,"exp":1785223649}
[2026-07-21T07:33:18.280Z] GET /api/live/snapshot: Returning 0 active snapshots
[2026-07-21T07:33:21.271Z] GET /api/live/snapshot: session={"userId":"8e6a7361-0286-4cdb-ac89-f6ad0404a696","email":"pacaldochristian53@gmail.com","role":"teacher","fullName":"Christian Pacaldo","iat":1784618849,"exp":1785223649}
[2026-07-21T07:33:21.272Z] GET /api/live/snapshot: Returning 0 active snapshots
[2026-07-21T07:33:24.268Z] GET /api/live/snapshot: session={"userId":"8e6a7361-0286-4cdb-ac89-f6ad0404a696","email":"pacaldochristian53@gmail.com","role":"teacher","fullName":"Christian Pacaldo","iat":1784618849,"exp":1785223649}
[2026-07-21T07:33:24.270Z] GET /api/live/snapshot: Returning 0 active snapshots
[2026-07-21T07:33:27.270Z] GET /api/live/snapshot: session={"userId":"8e6a7361-0286-4cdb-ac89-f6ad0404a696","email":"pacaldochristian53@gmail.com","role":"teacher","fullName":"Christian Pacaldo","iat":1784618849,"exp":1785223649}
[2026-07-21T07:33:27.270Z] GET /api/live/snapshot: Returning 0 active snapshots
[2026-07-21T07:33:30.270Z] GET /api/live/snapshot: session={"userId":"8e6a7361-0286-4cdb-ac89-f6ad0404a696","email":"pacaldochristian53@gmail.com","role":"teacher","fullName":"Christian Pacaldo","iat":1784618849,"exp":1785223649}
[2026-07-21T07:33:30.271Z] GET /api/live/snapshot: Returning 0 active snapshots
[2026-07-21T07:33:33.274Z] GET /api/live/snapshot: session={"userId":"8e6a7361-0286-4cdb-ac89-f6ad0404a696","email":"pacaldochristian53@gmail.com","role":"teacher","fullName":"Christian Pacaldo","iat":1784618849,"exp":1785223649}
[2026-07-21T07:33:33.275Z] GET /api/live/snapshot: Returning 0 active snapshots
[2026-07-21T07:33:36.276Z] GET /api/live/snapshot: session={"userId":"8e6a7361-0286-4cdb-ac89-f6ad0404a696","email":"pacaldochristian53@gmail.com","role":"teacher","fullName":"Christian Pacaldo","iat":1784618849,"exp":1785223649}
[2026-07-21T07:33:36.277Z] GET /api/live/snapshot: Returning 0 active snapshots
[2026-07-21T07:33:39.274Z] GET /api/live/snapshot: session={"userId":"8e6a7361-0286-4cdb-ac89-f6ad0404a696","email":"pacaldochristian53@gmail.com","role":"teacher","fullName":"Christian Pacaldo","iat":1784618849,"exp":1785223649}
[2026-07-21T07:33:39.276Z] GET /api/live/snapshot: Returning 0 active snapshots
[2026-07-21T07:33:42.276Z] GET /api/live/snapshot: session={"userId":"8e6a7361-0286-4cdb-ac89-f6ad0404a696","email":"pacaldochristian53@gmail.com","role":"teacher","fullName":"Christian Pacaldo","iat":1784618849,"exp":1785223649}
[2026-07-21T07:33:42.277Z] GET /api/live/snapshot: Returning 0 active snapshots
[2026-07-21T07:33:45.271Z] GET /api/live/snapshot: session={"userId":"8e6a7361-0286-4cdb-ac89-f6ad0404a696","email":"pacaldochristian53@gmail.com","role":"teacher","fullName":"Christian Pacaldo","iat":1784618849,"exp":1785223649}
[2026-07-21T07:33:45.272Z] GET /api/live/snapshot: Returning 0 active snapshots
[2026-07-21T07:33:48.274Z] GET /api/live/snapshot: session={"userId":"8e6a7361-0286-4cdb-ac89-f6ad0404a696","email":"pacaldochristian53@gmail.com","role":"teacher","fullName":"Christian Pacaldo","iat":1784618849,"exp":1785223649}
[2026-07-21T07:33:48.276Z] GET /api/live/snapshot: Returning 0 active snapshots
[2026-07-21T07:33:51.268Z] GET /api/live/snapshot: session={"userId":"8e6a7361-0286-4cdb-ac89-f6ad0404a696","email":"pacaldochristian53@gmail.com","role":"teacher","fullName":"Christian Pacaldo","iat":1784618849,"exp":1785223649}
[2026-07-21T07:33:51.269Z] GET /api/live/snapshot: Returning 0 active snapshots
[2026-07-21T07:33:54.276Z] GET /api/live/snapshot: session={"userId":"8e6a7361-0286-4cdb-ac89-f6ad0404a696","email":"pacaldochristian53@gmail.com","role":"teacher","fullName":"Christian Pacaldo","iat":1784618849,"exp":1785223649}
[2026-07-21T07:33:54.278Z] GET /api/live/snapshot: Returning 0 active snapshots
[2026-07-21T07:33:57.274Z] GET /api/live/snapshot: session={"userId":"8e6a7361-0286-4cdb-ac89-f6ad0404a696","email":"pacaldochristian53@gmail.com","role":"teacher","fullName":"Christian Pacaldo","iat":1784618849,"exp":1785223649}
[2026-07-21T07:33:57.275Z] GET /api/live/snapshot: Returning 0 active snapshots
[2026-07-21T07:34:00.275Z] GET /api/live/snapshot: session={"userId":"8e6a7361-0286-4cdb-ac89-f6ad0404a696","email":"pacaldochristian53@gmail.com","role":"teacher","fullName":"Christian Pacaldo","iat":1784618849,"exp":1785223649}
[2026-07-21T07:34:00.276Z] GET /api/live/snapshot: Returning 0 active snapshots
[2026-07-21T07:34:03.272Z] GET /api/live/snapshot: session={"userId":"8e6a7361-0286-4cdb-ac89-f6ad0404a696","email":"pacaldochristian53@gmail.com","role":"teacher","fullName":"Christian Pacaldo","iat":1784618849,"exp":1785223649}
[2026-07-21T07:34:03.273Z] GET /api/live/snapshot: Returning 0 active snapshots
[2026-07-21T07:34:06.272Z] GET /api/live/snapshot: session={"userId":"8e6a7361-0286-4cdb-ac89-f6ad0404a696","email":"pacaldochristian53@gmail.com","role":"teacher","fullName":"Christian Pacaldo","iat":1784618849,"exp":1785223649}
[2026-07-21T07:34:06.273Z] GET /api/live/snapshot: Returning 0 active snapshots
[2026-07-21T07:34:09.272Z] GET /api/live/snapshot: session={"userId":"8e6a7361-0286-4cdb-ac89-f6ad0404a696","email":"pacaldochristian53@gmail.com","role":"teacher","fullName":"Christian Pacaldo","iat":1784618849,"exp":1785223649}
[2026-07-21T07:34:09.273Z] GET /api/live/snapshot: Returning 0 active snapshots
[2026-07-21T07:34:12.268Z] GET /api/live/snapshot: session={"userId":"8e6a7361-0286-4cdb-ac89-f6ad0404a696","email":"pacaldochristian53@gmail.com","role":"teacher","fullName":"Christian Pacaldo","iat":1784618849,"exp":1785223649}
[2026-07-21T07:34:12.269Z] GET /api/live/snapshot: Returning 0 active snapshots
[2026-07-21T07:34:15.271Z] GET /api/live/snapshot: session={"userId":"8e6a7361-0286-4cdb-ac89-f6ad0404a696","email":"pacaldochristian53@gmail.com","role":"teacher","fullName":"Christian Pacaldo","iat":1784618849,"exp":1785223649}
[2026-07-21T07:34:15.272Z] GET /api/live/snapshot: Returning 0 active snapshots
[2026-07-21T07:34:18.273Z] GET /api/live/snapshot: session={"userId":"8e6a7361-0286-4cdb-ac89-f6ad0404a696","email":"pacaldochristian53@gmail.com","role":"teacher","fullName":"Christian Pacaldo","iat":1784618849,"exp":1785223649}
[2026-07-21T07:34:18.273Z] GET /api/live/snapshot: Returning 0 active snapshots
[2026-07-21T07:34:21.271Z] GET /api/live/snapshot: session={"userId":"8e6a7361-0286-4cdb-ac89-f6ad0404a696","email":"pacaldochristian53@gmail.com","role":"teacher","fullName":"Christian Pacaldo","iat":1784618849,"exp":1785223649}
[2026-07-21T07:34:21.273Z] GET /api/live/snapshot: Returning 0 active snapshots
[2026-07-21T07:34:24.268Z] GET /api/live/snapshot: session={"userId":"8e6a7361-0286-4cdb-ac89-f6ad0404a696","email":"pacaldochristian53@gmail.com","role":"teacher","fullName":"Christian Pacaldo","iat":1784618849,"exp":1785223649}
[2026-07-21T07:34:24.269Z] GET /api/live/snapshot: Returning 0 active snapshots
[2026-07-21T07:34:27.270Z] GET /api/live/snapshot: session={"userId":"8e6a7361-0286-4cdb-ac89-f6ad0404a696","email":"pacaldochristian53@gmail.com","role":"teacher","fullName":"Christian Pacaldo","iat":1784618849,"exp":1785223649}
[2026-07-21T07:34:27.271Z] GET /api/live/snapshot: Returning 0 active snapshots
[2026-07-21T07:34:30.274Z] GET /api/live/snapshot: session={"userId":"8e6a7361-0286-4cdb-ac89-f6ad0404a696","email":"pacaldochristian53@gmail.com","role":"teacher","fullName":"Christian Pacaldo","iat":1784618849,"exp":1785223649}
[2026-07-21T07:34:30.275Z] GET /api/live/snapshot: Returning 0 active snapshots
[2026-07-21T07:34:34.064Z] GET /api/live/snapshot: session={"userId":"8e6a7361-0286-4cdb-ac89-f6ad0404a696","email":"pacaldochristian53@gmail.com","role":"teacher","fullName":"Christian Pacaldo","iat":1784618849,"exp":1785223649}
[2026-07-21T07:34:34.066Z] GET /api/live/snapshot: Returning 0 active snapshots
[2026-07-21T07:34:37.076Z] GET /api/live/snapshot: session={"userId":"8e6a7361-0286-4cdb-ac89-f6ad0404a696","email":"pacaldochristian53@gmail.com","role":"teacher","fullName":"Christian Pacaldo","iat":1784618849,"exp":1785223649}
[2026-07-21T07:34:37.077Z] GET /api/live/snapshot: Returning 0 active snapshots
[2026-07-21T07:34:40.069Z] GET /api/live/snapshot: session={"userId":"8e6a7361-0286-4cdb-ac89-f6ad0404a696","email":"pacaldochristian53@gmail.com","role":"teacher","fullName":"Christian Pacaldo","iat":1784618849,"exp":1785223649}
[2026-07-21T07:34:40.070Z] GET /api/live/snapshot: Returning 0 active snapshots
[2026-07-21T07:34:43.067Z] GET /api/live/snapshot: session={"userId":"8e6a7361-0286-4cdb-ac89-f6ad0404a696","email":"pacaldochristian53@gmail.com","role":"teacher","fullName":"Christian Pacaldo","iat":1784618849,"exp":1785223649}
[2026-07-21T07:34:43.067Z] GET /api/live/snapshot: Returning 0 active snapshots
[2026-07-21T07:34:45.269Z] GET /api/live/snapshot: session={"userId":"8e6a7361-0286-4cdb-ac89-f6ad0404a696","email":"pacaldochristian53@gmail.com","role":"teacher","fullName":"Christian Pacaldo","iat":1784618849,"exp":1785223649}
[2026-07-21T07:34:45.269Z] GET /api/live/snapshot: Returning 0 active snapshots
[2026-07-21T07:38:29.060Z] GET /api/live/snapshot: session={"userId":"8e6a7361-0286-4cdb-ac89-f6ad0404a696","email":"pacaldochristian53@gmail.com","role":"teacher","fullName":"Christian Pacaldo","iat":1784618849,"exp":1785223649}
[2026-07-21T07:38:29.063Z] GET /api/live/snapshot: Returning 0 active snapshots
[2026-07-21T07:38:32.057Z] GET /api/live/snapshot: session={"userId":"8e6a7361-0286-4cdb-ac89-f6ad0404a696","email":"pacaldochristian53@gmail.com","role":"teacher","fullName":"Christian Pacaldo","iat":1784618849,"exp":1785223649}
[2026-07-21T07:38:32.057Z] GET /api/live/snapshot: Returning 0 active snapshots
[2026-07-21T07:38:35.057Z] GET /api/live/snapshot: session={"userId":"8e6a7361-0286-4cdb-ac89-f6ad0404a696","email":"pacaldochristian53@gmail.com","role":"teacher","fullName":"Christian Pacaldo","iat":1784618849,"exp":1785223649}
[2026-07-21T07:38:35.058Z] GET /api/live/snapshot: Returning 0 active snapshots
[2026-07-21T07:38:38.068Z] GET /api/live/snapshot: session={"userId":"8e6a7361-0286-4cdb-ac89-f6ad0404a696","email":"pacaldochristian53@gmail.com","role":"teacher","fullName":"Christian Pacaldo","iat":1784618849,"exp":1785223649}
[2026-07-21T07:38:38.069Z] GET /api/live/snapshot: Returning 0 active snapshots
[2026-07-21T07:38:41.065Z] GET /api/live/snapshot: session={"userId":"8e6a7361-0286-4cdb-ac89-f6ad0404a696","email":"pacaldochristian53@gmail.com","role":"teacher","fullName":"Christian Pacaldo","iat":1784618849,"exp":1785223649}
[2026-07-21T07:38:41.067Z] GET /api/live/snapshot: Returning 0 active snapshots
[2026-07-21T07:38:44.058Z] GET /api/live/snapshot: session={"userId":"8e6a7361-0286-4cdb-ac89-f6ad0404a696","email":"pacaldochristian53@gmail.com","role":"teacher","fullName":"Christian Pacaldo","iat":1784618849,"exp":1785223649}
[2026-07-21T07:38:44.059Z] GET /api/live/snapshot: Returning 0 active snapshots
[2026-07-21T07:38:47.060Z] GET /api/live/snapshot: session={"userId":"8e6a7361-0286-4cdb-ac89-f6ad0404a696","email":"pacaldochristian53@gmail.com","role":"teacher","fullName":"Christian Pacaldo","iat":1784618849,"exp":1785223649}
[2026-07-21T07:38:47.061Z] GET /api/live/snapshot: Returning 0 active snapshots
[2026-07-21T07:38:50.057Z] GET /api/live/snapshot: session={"userId":"8e6a7361-0286-4cdb-ac89-f6ad0404a696","email":"pacaldochristian53@gmail.com","role":"teacher","fullName":"Christian Pacaldo","iat":1784618849,"exp":1785223649}
[2026-07-21T07:38:50.058Z] GET /api/live/snapshot: Returning 0 active snapshots
[2026-07-21T07:38:53.063Z] GET /api/live/snapshot: session={"userId":"8e6a7361-0286-4cdb-ac89-f6ad0404a696","email":"pacaldochristian53@gmail.com","role":"teacher","fullName":"Christian Pacaldo","iat":1784618849,"exp":1785223649}
[2026-07-21T07:38:53.065Z] GET /api/live/snapshot: Returning 0 active snapshots
[2026-07-21T07:38:56.058Z] GET /api/live/snapshot: session={"userId":"8e6a7361-0286-4cdb-ac89-f6ad0404a696","email":"pacaldochristian53@gmail.com","role":"teacher","fullName":"Christian Pacaldo","iat":1784618849,"exp":1785223649}
[2026-07-21T07:38:56.059Z] GET /api/live/snapshot: Returning 0 active snapshots
[2026-07-21T07:38:59.060Z] GET /api/live/snapshot: session={"userId":"8e6a7361-0286-4cdb-ac89-f6ad0404a696","email":"pacaldochristian53@gmail.com","role":"teacher","fullName":"Christian Pacaldo","iat":1784618849,"exp":1785223649}
[2026-07-21T07:38:59.061Z] GET /api/live/snapshot: Returning 0 active snapshots
[2026-07-21T07:39:02.065Z] GET /api/live/snapshot: session={"userId":"8e6a7361-0286-4cdb-ac89-f6ad0404a696","email":"pacaldochristian53@gmail.com","role":"teacher","fullName":"Christian Pacaldo","iat":1784618849,"exp":1785223649}
[2026-07-21T07:39:02.066Z] GET /api/live/snapshot: Returning 0 active snapshots
[2026-07-21T07:39:05.058Z] GET /api/live/snapshot: session={"userId":"8e6a7361-0286-4cdb-ac89-f6ad0404a696","email":"pacaldochristian53@gmail.com","role":"teacher","fullName":"Christian Pacaldo","iat":1784618849,"exp":1785223649}
[2026-07-21T07:39:05.058Z] GET /api/live/snapshot: Returning 0 active snapshots
[2026-07-21T07:39:08.068Z] GET /api/live/snapshot: session={"userId":"8e6a7361-0286-4cdb-ac89-f6ad0404a696","email":"pacaldochristian53@gmail.com","role":"teacher","fullName":"Christian Pacaldo","iat":1784618849,"exp":1785223649}
[2026-07-21T07:39:08.069Z] GET /api/live/snapshot: Returning 0 active snapshots
[2026-07-21T07:39:11.066Z] GET /api/live/snapshot: session={"userId":"8e6a7361-0286-4cdb-ac89-f6ad0404a696","email":"pacaldochristian53@gmail.com","role":"teacher","fullName":"Christian Pacaldo","iat":1784618849,"exp":1785223649}
[2026-07-21T07:39:11.067Z] GET /api/live/snapshot: Returning 0 active snapshots
[2026-07-21T07:39:14.072Z] GET /api/live/snapshot: session={"userId":"8e6a7361-0286-4cdb-ac89-f6ad0404a696","email":"pacaldochristian53@gmail.com","role":"teacher","fullName":"Christian Pacaldo","iat":1784618849,"exp":1785223649}
[2026-07-21T07:39:14.073Z] GET /api/live/snapshot: Returning 0 active snapshots
[2026-07-21T07:39:17.062Z] GET /api/live/snapshot: session={"userId":"8e6a7361-0286-4cdb-ac89-f6ad0404a696","email":"pacaldochristian53@gmail.com","role":"teacher","fullName":"Christian Pacaldo","iat":1784618849,"exp":1785223649}
[2026-07-21T07:39:17.063Z] GET /api/live/snapshot: Returning 0 active snapshots
[2026-07-21T07:39:20.074Z] GET /api/live/snapshot: session={"userId":"8e6a7361-0286-4cdb-ac89-f6ad0404a696","email":"pacaldochristian53@gmail.com","role":"teacher","fullName":"Christian Pacaldo","iat":1784618849,"exp":1785223649}
[2026-07-21T07:39:20.075Z] GET /api/live/snapshot: Returning 0 active snapshots
[2026-07-21T07:39:23.067Z] GET /api/live/snapshot: session={"userId":"8e6a7361-0286-4cdb-ac89-f6ad0404a696","email":"pacaldochristian53@gmail.com","role":"teacher","fullName":"Christian Pacaldo","iat":1784618849,"exp":1785223649}
[2026-07-21T07:39:23.067Z] GET /api/live/snapshot: Returning 0 active snapshots
[2026-07-21T07:39:26.065Z] GET /api/live/snapshot: session={"userId":"8e6a7361-0286-4cdb-ac89-f6ad0404a696","email":"pacaldochristian53@gmail.com","role":"teacher","fullName":"Christian Pacaldo","iat":1784618849,"exp":1785223649}
[2026-07-21T07:39:26.066Z] GET /api/live/snapshot: Returning 0 active snapshots
[2026-07-21T07:39:29.069Z] GET /api/live/snapshot: session={"userId":"8e6a7361-0286-4cdb-ac89-f6ad0404a696","email":"pacaldochristian53@gmail.com","role":"teacher","fullName":"Christian Pacaldo","iat":1784618849,"exp":1785223649}
[2026-07-21T07:39:29.070Z] GET /api/live/snapshot: Returning 0 active snapshots
[2026-07-21T07:39:32.069Z] GET /api/live/snapshot: session={"userId":"8e6a7361-0286-4cdb-ac89-f6ad0404a696","email":"pacaldochristian53@gmail.com","role":"teacher","fullName":"Christian Pacaldo","iat":1784618849,"exp":1785223649}
[2026-07-21T07:39:32.070Z] GET /api/live/snapshot: Returning 0 active snapshots
[2026-07-21T07:39:35.059Z] GET /api/live/snapshot: session={"userId":"8e6a7361-0286-4cdb-ac89-f6ad0404a696","email":"pacaldochristian53@gmail.com","role":"teacher","fullName":"Christian Pacaldo","iat":1784618849,"exp":1785223649}
[2026-07-21T07:39:35.060Z] GET /api/live/snapshot: Returning 0 active snapshots
[2026-07-21T07:39:38.065Z] GET /api/live/snapshot: session={"userId":"8e6a7361-0286-4cdb-ac89-f6ad0404a696","email":"pacaldochristian53@gmail.com","role":"teacher","fullName":"Christian Pacaldo","iat":1784618849,"exp":1785223649}
[2026-07-21T07:39:38.066Z] GET /api/live/snapshot: Returning 0 active snapshots
[2026-07-21T07:39:41.059Z] GET /api/live/snapshot: session={"userId":"8e6a7361-0286-4cdb-ac89-f6ad0404a696","email":"pacaldochristian53@gmail.com","role":"teacher","fullName":"Christian Pacaldo","iat":1784618849,"exp":1785223649}
[2026-07-21T07:39:41.060Z] GET /api/live/snapshot: Returning 0 active snapshots
[2026-07-21T07:39:44.062Z] GET /api/live/snapshot: session={"userId":"8e6a7361-0286-4cdb-ac89-f6ad0404a696","email":"pacaldochristian53@gmail.com","role":"teacher","fullName":"Christian Pacaldo","iat":1784618849,"exp":1785223649}
[2026-07-21T07:39:44.063Z] GET /api/live/snapshot: Returning 0 active snapshots
[2026-07-21T07:39:47.070Z] GET /api/live/snapshot: session={"userId":"8e6a7361-0286-4cdb-ac89-f6ad0404a696","email":"pacaldochristian53@gmail.com","role":"teacher","fullName":"Christian Pacaldo","iat":1784618849,"exp":1785223649}
[2026-07-21T07:39:47.071Z] GET /api/live/snapshot: Returning 0 active snapshots
[2026-07-21T07:39:50.074Z] GET /api/live/snapshot: session={"userId":"8e6a7361-0286-4cdb-ac89-f6ad0404a696","email":"pacaldochristian53@gmail.com","role":"teacher","fullName":"Christian Pacaldo","iat":1784618849,"exp":1785223649}
[2026-07-21T07:39:50.075Z] GET /api/live/snapshot: Returning 0 active snapshots
[2026-07-21T07:39:53.072Z] GET /api/live/snapshot: session={"userId":"8e6a7361-0286-4cdb-ac89-f6ad0404a696","email":"pacaldochristian53@gmail.com","role":"teacher","fullName":"Christian Pacaldo","iat":1784618849,"exp":1785223649}
[2026-07-21T07:39:53.073Z] GET /api/live/snapshot: Returning 0 active snapshots
[2026-07-21T07:39:56.070Z] GET /api/live/snapshot: session={"userId":"8e6a7361-0286-4cdb-ac89-f6ad0404a696","email":"pacaldochristian53@gmail.com","role":"teacher","fullName":"Christian Pacaldo","iat":1784618849,"exp":1785223649}
[2026-07-21T07:39:56.071Z] GET /api/live/snapshot: Returning 0 active snapshots
[2026-07-21T07:39:59.139Z] GET /api/live/snapshot: session={"userId":"8e6a7361-0286-4cdb-ac89-f6ad0404a696","email":"pacaldochristian53@gmail.com","role":"teacher","fullName":"Christian Pacaldo","iat":1784618849,"exp":1785223649}
[2026-07-21T07:39:59.141Z] GET /api/live/snapshot: Returning 0 active snapshots
[2026-07-21T07:40:02.073Z] GET /api/live/snapshot: session={"userId":"8e6a7361-0286-4cdb-ac89-f6ad0404a696","email":"pacaldochristian53@gmail.com","role":"teacher","fullName":"Christian Pacaldo","iat":1784618849,"exp":1785223649}
[2026-07-21T07:40:02.074Z] GET /api/live/snapshot: Returning 0 active snapshots
[2026-07-21T07:40:05.073Z] GET /api/live/snapshot: session={"userId":"8e6a7361-0286-4cdb-ac89-f6ad0404a696","email":"pacaldochristian53@gmail.com","role":"teacher","fullName":"Christian Pacaldo","iat":1784618849,"exp":1785223649}
[2026-07-21T07:40:05.074Z] GET /api/live/snapshot: Returning 0 active snapshots
[2026-07-21T07:40:25.076Z] GET /api/live/snapshot: session={"userId":"8e6a7361-0286-4cdb-ac89-f6ad0404a696","email":"pacaldochristian53@gmail.com","role":"teacher","fullName":"Christian Pacaldo","iat":1784618849,"exp":1785223649}
[2026-07-21T07:40:25.077Z] GET /api/live/snapshot: Returning 0 active snapshots
[2026-07-21T07:40:40.324Z] GET /api/live/snapshot: session={"userId":"8e6a7361-0286-4cdb-ac89-f6ad0404a696","email":"pacaldochristian53@gmail.com","role":"teacher","fullName":"Christian Pacaldo","iat":1784618849,"exp":1785223649}
[2026-07-21T07:40:40.326Z] GET /api/live/snapshot: Returning 0 active snapshots
[2026-07-21T07:40:41.066Z] GET /api/live/snapshot: session={"userId":"8e6a7361-0286-4cdb-ac89-f6ad0404a696","email":"pacaldochristian53@gmail.com","role":"teacher","fullName":"Christian Pacaldo","iat":1784618849,"exp":1785223649}
[2026-07-21T07:40:41.067Z] GET /api/live/snapshot: Returning 0 active snapshots
[2026-07-21T07:40:44.063Z] GET /api/live/snapshot: session={"userId":"8e6a7361-0286-4cdb-ac89-f6ad0404a696","email":"pacaldochristian53@gmail.com","role":"teacher","fullName":"Christian Pacaldo","iat":1784618849,"exp":1785223649}
[2026-07-21T07:40:44.065Z] GET /api/live/snapshot: Returning 0 active snapshots
[2026-07-21T07:41:27.521Z] POST /api/live/join: session={"userId":"43a430c0-82b0-44b3-a7b4-6ccefaea90f2","email":"roronoazoljin@gmail.com","role":"student","fullName":"PACALDO, CHRISTIAN GLENN","iat":1784618781,"exp":1785223581}
[2026-07-21T07:41:27.875Z] POST /api/live/join: Student PACALDO, CHRISTIAN GLENN successfully joined quiz asdwasdw
[2026-07-21T07:41:29.069Z] POST /api/live/snapshot: session={"userId":"43a430c0-82b0-44b3-a7b4-6ccefaea90f2","email":"roronoazoljin@gmail.com","role":"student","fullName":"PACALDO, CHRISTIAN GLENN","iat":1784618781,"exp":1785223581}
[2026-07-21T07:41:29.072Z] POST /api/live/snapshot: Stored snapshot for PACALDO, CHRISTIAN GLENN (active count: 1)
[2026-07-21T07:41:32.049Z] POST /api/live/snapshot: session={"userId":"43a430c0-82b0-44b3-a7b4-6ccefaea90f2","email":"roronoazoljin@gmail.com","role":"student","fullName":"PACALDO, CHRISTIAN GLENN","iat":1784618781,"exp":1785223581}
[2026-07-21T07:41:32.052Z] POST /api/live/snapshot: Stored snapshot for PACALDO, CHRISTIAN GLENN (active count: 1)
[2026-07-21T07:41:35.142Z] POST /api/live/snapshot: session={"userId":"43a430c0-82b0-44b3-a7b4-6ccefaea90f2","email":"roronoazoljin@gmail.com","role":"student","fullName":"PACALDO, CHRISTIAN GLENN","iat":1784618781,"exp":1785223581}
[2026-07-21T07:41:35.146Z] POST /api/live/snapshot: Stored snapshot for PACALDO, CHRISTIAN GLENN (active count: 1)
[2026-07-21T07:41:38.054Z] POST /api/live/snapshot: session={"userId":"43a430c0-82b0-44b3-a7b4-6ccefaea90f2","email":"roronoazoljin@gmail.com","role":"student","fullName":"PACALDO, CHRISTIAN GLENN","iat":1784618781,"exp":1785223581}
[2026-07-21T07:41:38.057Z] POST /api/live/snapshot: Stored snapshot for PACALDO, CHRISTIAN GLENN (active count: 1)
[2026-07-21T07:41:41.081Z] POST /api/live/snapshot: session={"userId":"43a430c0-82b0-44b3-a7b4-6ccefaea90f2","email":"roronoazoljin@gmail.com","role":"student","fullName":"PACALDO, CHRISTIAN GLENN","iat":1784618781,"exp":1785223581}
[2026-07-21T07:41:41.084Z] POST /api/live/snapshot: Stored snapshot for PACALDO, CHRISTIAN GLENN (active count: 1)
[2026-07-21T07:41:44.108Z] POST /api/live/snapshot: session={"userId":"43a430c0-82b0-44b3-a7b4-6ccefaea90f2","email":"roronoazoljin@gmail.com","role":"student","fullName":"PACALDO, CHRISTIAN GLENN","iat":1784618781,"exp":1785223581}
[2026-07-21T07:41:44.110Z] POST /api/live/snapshot: Stored snapshot for PACALDO, CHRISTIAN GLENN (active count: 1)
[2026-07-21T07:41:47.053Z] POST /api/live/snapshot: session={"userId":"43a430c0-82b0-44b3-a7b4-6ccefaea90f2","email":"roronoazoljin@gmail.com","role":"student","fullName":"PACALDO, CHRISTIAN GLENN","iat":1784618781,"exp":1785223581}
[2026-07-21T07:41:47.058Z] POST /api/live/snapshot: Stored snapshot for PACALDO, CHRISTIAN GLENN (active count: 1)
[2026-07-21T07:41:50.070Z] POST /api/live/snapshot: session={"userId":"43a430c0-82b0-44b3-a7b4-6ccefaea90f2","email":"roronoazoljin@gmail.com","role":"student","fullName":"PACALDO, CHRISTIAN GLENN","iat":1784618781,"exp":1785223581}
[2026-07-21T07:41:50.074Z] POST /api/live/snapshot: Stored snapshot for PACALDO, CHRISTIAN GLENN (active count: 1)
[2026-07-21T07:41:53.069Z] POST /api/live/snapshot: session={"userId":"43a430c0-82b0-44b3-a7b4-6ccefaea90f2","email":"roronoazoljin@gmail.com","role":"student","fullName":"PACALDO, CHRISTIAN GLENN","iat":1784618781,"exp":1785223581}
[2026-07-21T07:41:53.075Z] POST /api/live/snapshot: Stored snapshot for PACALDO, CHRISTIAN GLENN (active count: 1)
[2026-07-21T07:41:56.059Z] POST /api/live/snapshot: session={"userId":"43a430c0-82b0-44b3-a7b4-6ccefaea90f2","email":"roronoazoljin@gmail.com","role":"student","fullName":"PACALDO, CHRISTIAN GLENN","iat":1784618781,"exp":1785223581}
[2026-07-21T07:41:56.062Z] POST /api/live/snapshot: Stored snapshot for PACALDO, CHRISTIAN GLENN (active count: 1)
[2026-07-21T07:41:59.040Z] POST /api/live/snapshot: session={"userId":"43a430c0-82b0-44b3-a7b4-6ccefaea90f2","email":"roronoazoljin@gmail.com","role":"student","fullName":"PACALDO, CHRISTIAN GLENN","iat":1784618781,"exp":1785223581}
[2026-07-21T07:41:59.043Z] POST /api/live/snapshot: Stored snapshot for PACALDO, CHRISTIAN GLENN (active count: 1)
[2026-07-21T07:42:02.036Z] POST /api/live/snapshot: session={"userId":"43a430c0-82b0-44b3-a7b4-6ccefaea90f2","email":"roronoazoljin@gmail.com","role":"student","fullName":"PACALDO, CHRISTIAN GLENN","iat":1784618781,"exp":1785223581}
[2026-07-21T07:42:02.039Z] POST /api/live/snapshot: Stored snapshot for PACALDO, CHRISTIAN GLENN (active count: 1)
[2026-07-21T07:42:05.058Z] POST /api/live/snapshot: session={"userId":"43a430c0-82b0-44b3-a7b4-6ccefaea90f2","email":"roronoazoljin@gmail.com","role":"student","fullName":"PACALDO, CHRISTIAN GLENN","iat":1784618781,"exp":1785223581}
[2026-07-21T07:42:05.059Z] POST /api/live/snapshot: Stored snapshot for PACALDO, CHRISTIAN GLENN (active count: 1)
[2026-07-21T07:42:08.079Z] POST /api/live/snapshot: session={"userId":"43a430c0-82b0-44b3-a7b4-6ccefaea90f2","email":"roronoazoljin@gmail.com","role":"student","fullName":"PACALDO, CHRISTIAN GLENN","iat":1784618781,"exp":1785223581}
[2026-07-21T07:42:08.082Z] POST /api/live/snapshot: Stored snapshot for PACALDO, CHRISTIAN GLENN (active count: 1)
[2026-07-21T07:42:11.053Z] POST /api/live/snapshot: session={"userId":"43a430c0-82b0-44b3-a7b4-6ccefaea90f2","email":"roronoazoljin@gmail.com","role":"student","fullName":"PACALDO, CHRISTIAN GLENN","iat":1784618781,"exp":1785223581}
[2026-07-21T07:42:11.055Z] POST /api/live/snapshot: Stored snapshot for PACALDO, CHRISTIAN GLENN (active count: 1)
[2026-07-21T07:42:14.038Z] POST /api/live/snapshot: session={"userId":"43a430c0-82b0-44b3-a7b4-6ccefaea90f2","email":"roronoazoljin@gmail.com","role":"student","fullName":"PACALDO, CHRISTIAN GLENN","iat":1784618781,"exp":1785223581}
[2026-07-21T07:42:14.041Z] POST /api/live/snapshot: Stored snapshot for PACALDO, CHRISTIAN GLENN (active count: 1)
[2026-07-21T07:42:17.526Z] POST /api/live/join: session={"userId":"43a430c0-82b0-44b3-a7b4-6ccefaea90f2","email":"roronoazoljin@gmail.com","role":"student","fullName":"PACALDO, CHRISTIAN GLENN","iat":1784618781,"exp":1785223581}
[2026-07-21T07:42:19.055Z] POST /api/live/snapshot: session={"userId":"43a430c0-82b0-44b3-a7b4-6ccefaea90f2","email":"roronoazoljin@gmail.com","role":"student","fullName":"PACALDO, CHRISTIAN GLENN","iat":1784618781,"exp":1785223581}
[2026-07-21T07:42:19.058Z] POST /api/live/snapshot: Stored snapshot for PACALDO, CHRISTIAN GLENN (active count: 1)
[2026-07-21T07:42:19.818Z] POST /api/live/join: Student PACALDO, CHRISTIAN GLENN successfully joined quiz asdwasdw
[2026-07-21T07:42:22.429Z] POST /api/live/join: session={"userId":"43a430c0-82b0-44b3-a7b4-6ccefaea90f2","email":"roronoazoljin@gmail.com","role":"student","fullName":"PACALDO, CHRISTIAN GLENN","iat":1784618781,"exp":1785223581}
[2026-07-21T07:42:22.783Z] POST /api/live/join: Student PACALDO, CHRISTIAN GLENN successfully joined quiz asdwasdw
[2026-07-21T07:42:23.938Z] POST /api/live/snapshot: session={"userId":"43a430c0-82b0-44b3-a7b4-6ccefaea90f2","email":"roronoazoljin@gmail.com","role":"student","fullName":"PACALDO, CHRISTIAN GLENN","iat":1784618781,"exp":1785223581}
[2026-07-21T07:42:23.941Z] POST /api/live/snapshot: Stored snapshot for PACALDO, CHRISTIAN GLENN (active count: 1)
[2026-07-21T08:08:25.150Z] POST /api/live/join: session={"userId":"43a430c0-82b0-44b3-a7b4-6ccefaea90f2","email":"roronoazoljin@gmail.com","role":"student","fullName":"PACALDO, CHRISTIAN GLENN","iat":1784618781,"exp":1785223581}
[2026-07-21T08:08:25.638Z] POST /api/live/join: Student PACALDO, CHRISTIAN GLENN successfully joined quiz asdasda
[2026-07-21T08:08:26.718Z] POST /api/live/snapshot: session={"userId":"43a430c0-82b0-44b3-a7b4-6ccefaea90f2","email":"roronoazoljin@gmail.com","role":"student","fullName":"PACALDO, CHRISTIAN GLENN","iat":1784618781,"exp":1785223581}
[2026-07-21T08:08:26.723Z] POST /api/live/snapshot: Stored snapshot for PACALDO, CHRISTIAN GLENN (active count: 1)
[2026-07-21T08:08:29.650Z] POST /api/live/snapshot: session={"userId":"43a430c0-82b0-44b3-a7b4-6ccefaea90f2","email":"roronoazoljin@gmail.com","role":"student","fullName":"PACALDO, CHRISTIAN GLENN","iat":1784618781,"exp":1785223581}
[2026-07-21T08:08:29.654Z] POST /api/live/snapshot: Stored snapshot for PACALDO, CHRISTIAN GLENN (active count: 1)
[2026-07-21T08:08:32.646Z] POST /api/live/snapshot: session={"userId":"43a430c0-82b0-44b3-a7b4-6ccefaea90f2","email":"roronoazoljin@gmail.com","role":"student","fullName":"PACALDO, CHRISTIAN GLENN","iat":1784618781,"exp":1785223581}
[2026-07-21T08:08:32.650Z] POST /api/live/snapshot: Stored snapshot for PACALDO, CHRISTIAN GLENN (active count: 1)
[2026-07-21T08:08:35.680Z] POST /api/live/snapshot: session={"userId":"43a430c0-82b0-44b3-a7b4-6ccefaea90f2","email":"roronoazoljin@gmail.com","role":"student","fullName":"PACALDO, CHRISTIAN GLENN","iat":1784618781,"exp":1785223581}
[2026-07-21T08:08:35.689Z] POST /api/live/snapshot: Stored snapshot for PACALDO, CHRISTIAN GLENN (active count: 1)
[2026-07-21T08:08:38.646Z] POST /api/live/snapshot: session={"userId":"43a430c0-82b0-44b3-a7b4-6ccefaea90f2","email":"roronoazoljin@gmail.com","role":"student","fullName":"PACALDO, CHRISTIAN GLENN","iat":1784618781,"exp":1785223581}
[2026-07-21T08:08:38.651Z] POST /api/live/snapshot: Stored snapshot for PACALDO, CHRISTIAN GLENN (active count: 1)
[2026-07-21T08:08:45.131Z] GET /api/live/snapshot: session={"userId":"6f68899b-e0dc-482a-9b9d-58cde2d538af","email":"juan@gmail.com","role":"teacher","fullName":"Juan","iat":1784621251,"exp":1785226051}
[2026-07-21T08:08:45.134Z] GET /api/live/snapshot: Returning 1 active snapshots
[2026-07-21T08:08:48.110Z] GET /api/live/snapshot: session={"userId":"6f68899b-e0dc-482a-9b9d-58cde2d538af","email":"juan@gmail.com","role":"teacher","fullName":"Juan","iat":1784621251,"exp":1785226051}
[2026-07-21T08:08:48.112Z] GET /api/live/snapshot: Returning 1 active snapshots
[2026-07-21T08:08:51.152Z] GET /api/live/snapshot: session={"userId":"6f68899b-e0dc-482a-9b9d-58cde2d538af","email":"juan@gmail.com","role":"teacher","fullName":"Juan","iat":1784621251,"exp":1785226051}
[2026-07-21T08:08:51.156Z] GET /api/live/snapshot: Returning 1 active snapshots
[2026-07-21T08:08:54.113Z] GET /api/live/snapshot: session={"userId":"6f68899b-e0dc-482a-9b9d-58cde2d538af","email":"juan@gmail.com","role":"teacher","fullName":"Juan","iat":1784621251,"exp":1785226051}
[2026-07-21T08:08:54.114Z] GET /api/live/snapshot: Returning 1 active snapshots
[2026-07-21T08:08:57.113Z] GET /api/live/snapshot: session={"userId":"6f68899b-e0dc-482a-9b9d-58cde2d538af","email":"juan@gmail.com","role":"teacher","fullName":"Juan","iat":1784621251,"exp":1785226051}
[2026-07-21T08:08:57.115Z] GET /api/live/snapshot: Returning 1 active snapshots
[2026-07-21T08:09:00.116Z] GET /api/live/snapshot: session={"userId":"6f68899b-e0dc-482a-9b9d-58cde2d538af","email":"juan@gmail.com","role":"teacher","fullName":"Juan","iat":1784621251,"exp":1785226051}
[2026-07-21T08:09:00.118Z] GET /api/live/snapshot: Returning 1 active snapshots
[2026-07-21T08:09:03.110Z] GET /api/live/snapshot: session={"userId":"6f68899b-e0dc-482a-9b9d-58cde2d538af","email":"juan@gmail.com","role":"teacher","fullName":"Juan","iat":1784621251,"exp":1785226051}
[2026-07-21T08:09:03.111Z] GET /api/live/snapshot: Returning 1 active snapshots
[2026-07-21T08:09:06.122Z] GET /api/live/snapshot: session={"userId":"6f68899b-e0dc-482a-9b9d-58cde2d538af","email":"juan@gmail.com","role":"teacher","fullName":"Juan","iat":1784621251,"exp":1785226051}
[2026-07-21T08:09:06.125Z] GET /api/live/snapshot: Returning 1 active snapshots
[2026-07-21T08:09:09.124Z] GET /api/live/snapshot: session={"userId":"6f68899b-e0dc-482a-9b9d-58cde2d538af","email":"juan@gmail.com","role":"teacher","fullName":"Juan","iat":1784621251,"exp":1785226051}
[2026-07-21T08:09:09.125Z] GET /api/live/snapshot: Returning 0 active snapshots
[2026-07-21T08:09:12.115Z] GET /api/live/snapshot: session={"userId":"6f68899b-e0dc-482a-9b9d-58cde2d538af","email":"juan@gmail.com","role":"teacher","fullName":"Juan","iat":1784621251,"exp":1785226051}
[2026-07-21T08:09:12.118Z] GET /api/live/snapshot: Returning 0 active snapshots
[2026-07-21T08:09:15.155Z] GET /api/live/snapshot: session={"userId":"6f68899b-e0dc-482a-9b9d-58cde2d538af","email":"juan@gmail.com","role":"teacher","fullName":"Juan","iat":1784621251,"exp":1785226051}
[2026-07-21T08:09:15.158Z] GET /api/live/snapshot: Returning 0 active snapshots
[2026-07-21T08:09:18.124Z] GET /api/live/snapshot: session={"userId":"6f68899b-e0dc-482a-9b9d-58cde2d538af","email":"juan@gmail.com","role":"teacher","fullName":"Juan","iat":1784621251,"exp":1785226051}
[2026-07-21T08:09:18.125Z] GET /api/live/snapshot: Returning 0 active snapshots
[2026-07-21T08:09:21.122Z] GET /api/live/snapshot: session={"userId":"6f68899b-e0dc-482a-9b9d-58cde2d538af","email":"juan@gmail.com","role":"teacher","fullName":"Juan","iat":1784621251,"exp":1785226051}
[2026-07-21T08:09:21.123Z] GET /api/live/snapshot: Returning 0 active snapshots
[2026-07-21T08:09:23.420Z] POST /api/live/snapshot: session={"userId":"43a430c0-82b0-44b3-a7b4-6ccefaea90f2","email":"roronoazoljin@gmail.com","role":"student","fullName":"PACALDO, CHRISTIAN GLENN","iat":1784618781,"exp":1785223581}
[2026-07-21T08:09:23.423Z] POST /api/live/snapshot: Stored snapshot for PACALDO, CHRISTIAN GLENN (active count: 1)
[2026-07-21T08:09:23.647Z] POST /api/live/snapshot: session={"userId":"43a430c0-82b0-44b3-a7b4-6ccefaea90f2","email":"roronoazoljin@gmail.com","role":"student","fullName":"PACALDO, CHRISTIAN GLENN","iat":1784618781,"exp":1785223581}
[2026-07-21T08:09:23.654Z] POST /api/live/snapshot: Stored snapshot for PACALDO, CHRISTIAN GLENN (active count: 1)
[2026-07-21T08:09:24.114Z] GET /api/live/snapshot: session={"userId":"6f68899b-e0dc-482a-9b9d-58cde2d538af","email":"juan@gmail.com","role":"teacher","fullName":"Juan","iat":1784621251,"exp":1785226051}
[2026-07-21T08:09:24.115Z] GET /api/live/snapshot: Returning 1 active snapshots
[2026-07-21T08:09:26.659Z] POST /api/live/snapshot: session={"userId":"43a430c0-82b0-44b3-a7b4-6ccefaea90f2","email":"roronoazoljin@gmail.com","role":"student","fullName":"PACALDO, CHRISTIAN GLENN","iat":1784618781,"exp":1785223581}
[2026-07-21T08:09:26.662Z] POST /api/live/snapshot: Stored snapshot for PACALDO, CHRISTIAN GLENN (active count: 1)
[2026-07-21T08:09:27.110Z] GET /api/live/snapshot: session={"userId":"6f68899b-e0dc-482a-9b9d-58cde2d538af","email":"juan@gmail.com","role":"teacher","fullName":"Juan","iat":1784621251,"exp":1785226051}
[2026-07-21T08:09:27.111Z] GET /api/live/snapshot: Returning 1 active snapshots
[2026-07-21T08:09:29.650Z] POST /api/live/snapshot: session={"userId":"43a430c0-82b0-44b3-a7b4-6ccefaea90f2","email":"roronoazoljin@gmail.com","role":"student","fullName":"PACALDO, CHRISTIAN GLENN","iat":1784618781,"exp":1785223581}
[2026-07-21T08:09:29.655Z] POST /api/live/snapshot: Stored snapshot for PACALDO, CHRISTIAN GLENN (active count: 1)
[2026-07-21T08:09:30.117Z] GET /api/live/snapshot: session={"userId":"6f68899b-e0dc-482a-9b9d-58cde2d538af","email":"juan@gmail.com","role":"teacher","fullName":"Juan","iat":1784621251,"exp":1785226051}
[2026-07-21T08:09:30.119Z] GET /api/live/snapshot: Returning 1 active snapshots
[2026-07-21T08:09:33.110Z] GET /api/live/snapshot: session={"userId":"6f68899b-e0dc-482a-9b9d-58cde2d538af","email":"juan@gmail.com","role":"teacher","fullName":"Juan","iat":1784621251,"exp":1785226051}
[2026-07-21T08:09:33.112Z] GET /api/live/snapshot: Returning 1 active snapshots
[2026-07-21T08:09:36.121Z] GET /api/live/snapshot: session={"userId":"6f68899b-e0dc-482a-9b9d-58cde2d538af","email":"juan@gmail.com","role":"teacher","fullName":"Juan","iat":1784621251,"exp":1785226051}
[2026-07-21T08:09:36.122Z] GET /api/live/snapshot: Returning 1 active snapshots
[2026-07-21T08:09:39.114Z] GET /api/live/snapshot: session={"userId":"6f68899b-e0dc-482a-9b9d-58cde2d538af","email":"juan@gmail.com","role":"teacher","fullName":"Juan","iat":1784621251,"exp":1785226051}
[2026-07-21T08:09:39.115Z] GET /api/live/snapshot: Returning 1 active snapshots
[2026-07-21T08:09:42.120Z] GET /api/live/snapshot: session={"userId":"6f68899b-e0dc-482a-9b9d-58cde2d538af","email":"juan@gmail.com","role":"teacher","fullName":"Juan","iat":1784621251,"exp":1785226051}
[2026-07-21T08:09:42.121Z] GET /api/live/snapshot: Returning 1 active snapshots
[2026-07-21T08:09:43.462Z] POST /api/live/snapshot: session={"userId":"43a430c0-82b0-44b3-a7b4-6ccefaea90f2","email":"roronoazoljin@gmail.com","role":"student","fullName":"PACALDO, CHRISTIAN GLENN","iat":1784618781,"exp":1785223581}
[2026-07-21T08:09:43.464Z] POST /api/live/snapshot: Stored snapshot for PACALDO, CHRISTIAN GLENN (active count: 1)
[2026-07-21T08:09:45.117Z] GET /api/live/snapshot: session={"userId":"6f68899b-e0dc-482a-9b9d-58cde2d538af","email":"juan@gmail.com","role":"teacher","fullName":"Juan","iat":1784621251,"exp":1785226051}
[2026-07-21T08:09:45.118Z] GET /api/live/snapshot: Returning 1 active snapshots
[2026-07-21T08:09:48.122Z] GET /api/live/snapshot: session={"userId":"6f68899b-e0dc-482a-9b9d-58cde2d538af","email":"juan@gmail.com","role":"teacher","fullName":"Juan","iat":1784621251,"exp":1785226051}
[2026-07-21T08:09:48.125Z] GET /api/live/snapshot: Returning 1 active snapshots
[2026-07-21T08:09:51.118Z] GET /api/live/snapshot: session={"userId":"6f68899b-e0dc-482a-9b9d-58cde2d538af","email":"juan@gmail.com","role":"teacher","fullName":"Juan","iat":1784621251,"exp":1785226051}
[2026-07-21T08:09:51.120Z] GET /api/live/snapshot: Returning 1 active snapshots
[2026-07-21T08:09:52.500Z] POST /api/live/snapshot: session={"userId":"43a430c0-82b0-44b3-a7b4-6ccefaea90f2","email":"roronoazoljin@gmail.com","role":"student","fullName":"PACALDO, CHRISTIAN GLENN","iat":1784618781,"exp":1785223581}
[2026-07-21T08:09:52.504Z] POST /api/live/snapshot: Stored snapshot for PACALDO, CHRISTIAN GLENN (active count: 1)
[2026-07-21T08:09:53.800Z] POST /api/live/snapshot: session={"userId":"43a430c0-82b0-44b3-a7b4-6ccefaea90f2","email":"roronoazoljin@gmail.com","role":"student","fullName":"PACALDO, CHRISTIAN GLENN","iat":1784618781,"exp":1785223581}
[2026-07-21T08:09:53.803Z] POST /api/live/snapshot: Stored snapshot for PACALDO, CHRISTIAN GLENN (active count: 1)
[2026-07-21T08:09:54.118Z] GET /api/live/snapshot: session={"userId":"6f68899b-e0dc-482a-9b9d-58cde2d538af","email":"juan@gmail.com","role":"teacher","fullName":"Juan","iat":1784621251,"exp":1785226051}
[2026-07-21T08:09:54.125Z] GET /api/live/snapshot: Returning 1 active snapshots
[2026-07-21T08:09:56.689Z] POST /api/live/snapshot: session={"userId":"43a430c0-82b0-44b3-a7b4-6ccefaea90f2","email":"roronoazoljin@gmail.com","role":"student","fullName":"PACALDO, CHRISTIAN GLENN","iat":1784618781,"exp":1785223581}
[2026-07-21T08:09:56.694Z] POST /api/live/snapshot: Stored snapshot for PACALDO, CHRISTIAN GLENN (active count: 1)
[2026-07-21T08:09:57.121Z] GET /api/live/snapshot: session={"userId":"6f68899b-e0dc-482a-9b9d-58cde2d538af","email":"juan@gmail.com","role":"teacher","fullName":"Juan","iat":1784621251,"exp":1785226051}
[2026-07-21T08:09:57.133Z] GET /api/live/snapshot: Returning 1 active snapshots
[2026-07-21T08:09:59.646Z] POST /api/live/snapshot: session={"userId":"43a430c0-82b0-44b3-a7b4-6ccefaea90f2","email":"roronoazoljin@gmail.com","role":"student","fullName":"PACALDO, CHRISTIAN GLENN","iat":1784618781,"exp":1785223581}
[2026-07-21T08:09:59.648Z] POST /api/live/snapshot: Stored snapshot for PACALDO, CHRISTIAN GLENN (active count: 1)
[2026-07-21T08:10:00.113Z] GET /api/live/snapshot: session={"userId":"6f68899b-e0dc-482a-9b9d-58cde2d538af","email":"juan@gmail.com","role":"teacher","fullName":"Juan","iat":1784621251,"exp":1785226051}
[2026-07-21T08:10:00.115Z] GET /api/live/snapshot: Returning 1 active snapshots
[2026-07-21T08:10:02.663Z] POST /api/live/snapshot: session={"userId":"43a430c0-82b0-44b3-a7b4-6ccefaea90f2","email":"roronoazoljin@gmail.com","role":"student","fullName":"PACALDO, CHRISTIAN GLENN","iat":1784618781,"exp":1785223581}
[2026-07-21T08:10:02.668Z] POST /api/live/snapshot: Stored snapshot for PACALDO, CHRISTIAN GLENN (active count: 1)
[2026-07-21T08:10:03.118Z] GET /api/live/snapshot: session={"userId":"6f68899b-e0dc-482a-9b9d-58cde2d538af","email":"juan@gmail.com","role":"teacher","fullName":"Juan","iat":1784621251,"exp":1785226051}
[2026-07-21T08:10:03.120Z] GET /api/live/snapshot: Returning 1 active snapshots
[2026-07-21T08:10:05.644Z] POST /api/live/snapshot: session={"userId":"43a430c0-82b0-44b3-a7b4-6ccefaea90f2","email":"roronoazoljin@gmail.com","role":"student","fullName":"PACALDO, CHRISTIAN GLENN","iat":1784618781,"exp":1785223581}
[2026-07-21T08:10:05.647Z] POST /api/live/snapshot: Stored snapshot for PACALDO, CHRISTIAN GLENN (active count: 1)
[2026-07-21T08:10:06.114Z] GET /api/live/snapshot: session={"userId":"6f68899b-e0dc-482a-9b9d-58cde2d538af","email":"juan@gmail.com","role":"teacher","fullName":"Juan","iat":1784621251,"exp":1785226051}
[2026-07-21T08:10:06.115Z] GET /api/live/snapshot: Returning 1 active snapshots
[2026-07-21T08:10:08.685Z] POST /api/live/snapshot: session={"userId":"43a430c0-82b0-44b3-a7b4-6ccefaea90f2","email":"roronoazoljin@gmail.com","role":"student","fullName":"PACALDO, CHRISTIAN GLENN","iat":1784618781,"exp":1785223581}
[2026-07-21T08:10:08.693Z] POST /api/live/snapshot: Stored snapshot for PACALDO, CHRISTIAN GLENN (active count: 1)
[2026-07-21T08:10:09.125Z] GET /api/live/snapshot: session={"userId":"6f68899b-e0dc-482a-9b9d-58cde2d538af","email":"juan@gmail.com","role":"teacher","fullName":"Juan","iat":1784621251,"exp":1785226051}
[2026-07-21T08:10:09.128Z] GET /api/live/snapshot: Returning 1 active snapshots
[2026-07-21T08:10:11.669Z] POST /api/live/snapshot: session={"userId":"43a430c0-82b0-44b3-a7b4-6ccefaea90f2","email":"roronoazoljin@gmail.com","role":"student","fullName":"PACALDO, CHRISTIAN GLENN","iat":1784618781,"exp":1785223581}
[2026-07-21T08:10:11.675Z] POST /api/live/snapshot: Stored snapshot for PACALDO, CHRISTIAN GLENN (active count: 1)
[2026-07-21T08:10:12.112Z] GET /api/live/snapshot: session={"userId":"6f68899b-e0dc-482a-9b9d-58cde2d538af","email":"juan@gmail.com","role":"teacher","fullName":"Juan","iat":1784621251,"exp":1785226051}
[2026-07-21T08:10:12.114Z] GET /api/live/snapshot: Returning 1 active snapshots
[2026-07-21T08:10:14.651Z] POST /api/live/snapshot: session={"userId":"43a430c0-82b0-44b3-a7b4-6ccefaea90f2","email":"roronoazoljin@gmail.com","role":"student","fullName":"PACALDO, CHRISTIAN GLENN","iat":1784618781,"exp":1785223581}
[2026-07-21T08:10:14.653Z] POST /api/live/snapshot: Stored snapshot for PACALDO, CHRISTIAN GLENN (active count: 1)
[2026-07-21T08:10:15.116Z] GET /api/live/snapshot: session={"userId":"6f68899b-e0dc-482a-9b9d-58cde2d538af","email":"juan@gmail.com","role":"teacher","fullName":"Juan","iat":1784621251,"exp":1785226051}
[2026-07-21T08:10:15.117Z] GET /api/live/snapshot: Returning 1 active snapshots
[2026-07-21T08:10:17.650Z] POST /api/live/snapshot: session={"userId":"43a430c0-82b0-44b3-a7b4-6ccefaea90f2","email":"roronoazoljin@gmail.com","role":"student","fullName":"PACALDO, CHRISTIAN GLENN","iat":1784618781,"exp":1785223581}
[2026-07-21T08:10:17.658Z] POST /api/live/snapshot: Stored snapshot for PACALDO, CHRISTIAN GLENN (active count: 1)
[2026-07-21T08:10:18.112Z] GET /api/live/snapshot: session={"userId":"6f68899b-e0dc-482a-9b9d-58cde2d538af","email":"juan@gmail.com","role":"teacher","fullName":"Juan","iat":1784621251,"exp":1785226051}
[2026-07-21T08:10:18.113Z] GET /api/live/snapshot: Returning 1 active snapshots
[2026-07-21T08:10:21.116Z] GET /api/live/snapshot: session={"userId":"6f68899b-e0dc-482a-9b9d-58cde2d538af","email":"juan@gmail.com","role":"teacher","fullName":"Juan","iat":1784621251,"exp":1785226051}
[2026-07-21T08:10:21.128Z] GET /api/live/snapshot: Returning 1 active snapshots
[2026-07-21T08:10:22.048Z] POST /api/live/join: session={"userId":"43a430c0-82b0-44b3-a7b4-6ccefaea90f2","email":"roronoazoljin@gmail.com","role":"student","fullName":"PACALDO, CHRISTIAN GLENN","iat":1784618781,"exp":1785223581}
[2026-07-21T08:10:22.529Z] POST /api/live/join: Student PACALDO, CHRISTIAN GLENN successfully joined quiz asdasda
[2026-07-21T08:10:23.551Z] POST /api/live/snapshot: session={"userId":"43a430c0-82b0-44b3-a7b4-6ccefaea90f2","email":"roronoazoljin@gmail.com","role":"student","fullName":"PACALDO, CHRISTIAN GLENN","iat":1784618781,"exp":1785223581}
[2026-07-21T08:10:23.553Z] POST /api/live/snapshot: Stored snapshot for PACALDO, CHRISTIAN GLENN (active count: 1)
[2026-07-21T08:10:24.111Z] GET /api/live/snapshot: session={"userId":"6f68899b-e0dc-482a-9b9d-58cde2d538af","email":"juan@gmail.com","role":"teacher","fullName":"Juan","iat":1784621251,"exp":1785226051}
[2026-07-21T08:10:24.112Z] GET /api/live/snapshot: Returning 1 active snapshots
[2026-07-21T08:10:28.076Z] GET /api/live/snapshot: session={"userId":"6f68899b-e0dc-482a-9b9d-58cde2d538af","email":"juan@gmail.com","role":"teacher","fullName":"Juan","iat":1784621251,"exp":1785226051}
[2026-07-21T08:10:28.078Z] GET /api/live/snapshot: Returning 1 active snapshots
[2026-07-21T08:10:31.076Z] GET /api/live/snapshot: session={"userId":"6f68899b-e0dc-482a-9b9d-58cde2d538af","email":"juan@gmail.com","role":"teacher","fullName":"Juan","iat":1784621251,"exp":1785226051}
[2026-07-21T08:10:31.077Z] GET /api/live/snapshot: Returning 1 active snapshots
[2026-07-21T08:10:34.075Z] GET /api/live/snapshot: session={"userId":"6f68899b-e0dc-482a-9b9d-58cde2d538af","email":"juan@gmail.com","role":"teacher","fullName":"Juan","iat":1784621251,"exp":1785226051}
[2026-07-21T08:10:34.075Z] GET /api/live/snapshot: Returning 1 active snapshots
[2026-07-21T08:10:37.069Z] GET /api/live/snapshot: session={"userId":"6f68899b-e0dc-482a-9b9d-58cde2d538af","email":"juan@gmail.com","role":"teacher","fullName":"Juan","iat":1784621251,"exp":1785226051}
[2026-07-21T08:10:37.070Z] GET /api/live/snapshot: Returning 1 active snapshots
[2026-07-21T08:10:40.891Z] GET /api/live/snapshot: session={"userId":"6f68899b-e0dc-482a-9b9d-58cde2d538af","email":"juan@gmail.com","role":"teacher","fullName":"Juan","iat":1784621251,"exp":1785226051}
[2026-07-21T08:10:40.892Z] GET /api/live/snapshot: Returning 1 active snapshots
[2026-07-21T08:10:43.073Z] GET /api/live/snapshot: session={"userId":"6f68899b-e0dc-482a-9b9d-58cde2d538af","email":"juan@gmail.com","role":"teacher","fullName":"Juan","iat":1784621251,"exp":1785226051}
[2026-07-21T08:10:43.075Z] GET /api/live/snapshot: Returning 1 active snapshots
[2026-07-21T08:10:46.076Z] GET /api/live/snapshot: session={"userId":"6f68899b-e0dc-482a-9b9d-58cde2d538af","email":"juan@gmail.com","role":"teacher","fullName":"Juan","iat":1784621251,"exp":1785226051}
[2026-07-21T08:10:46.077Z] GET /api/live/snapshot: Returning 1 active snapshots
[2026-07-21T08:10:49.124Z] GET /api/live/snapshot: session={"userId":"6f68899b-e0dc-482a-9b9d-58cde2d538af","email":"juan@gmail.com","role":"teacher","fullName":"Juan","iat":1784621251,"exp":1785226051}
[2026-07-21T08:10:49.125Z] GET /api/live/snapshot: Returning 1 active snapshots
[2026-07-21T08:10:52.073Z] GET /api/live/snapshot: session={"userId":"6f68899b-e0dc-482a-9b9d-58cde2d538af","email":"juan@gmail.com","role":"teacher","fullName":"Juan","iat":1784621251,"exp":1785226051}
[2026-07-21T08:10:52.074Z] GET /api/live/snapshot: Returning 1 active snapshots
[2026-07-21T08:10:55.066Z] GET /api/live/snapshot: session={"userId":"6f68899b-e0dc-482a-9b9d-58cde2d538af","email":"juan@gmail.com","role":"teacher","fullName":"Juan","iat":1784621251,"exp":1785226051}
[2026-07-21T08:10:55.068Z] GET /api/live/snapshot: Returning 0 active snapshots
[2026-07-21T08:10:58.070Z] GET /api/live/snapshot: session={"userId":"6f68899b-e0dc-482a-9b9d-58cde2d538af","email":"juan@gmail.com","role":"teacher","fullName":"Juan","iat":1784621251,"exp":1785226051}
[2026-07-21T08:10:58.071Z] GET /api/live/snapshot: Returning 0 active snapshots
[2026-07-21T08:11:01.077Z] GET /api/live/snapshot: session={"userId":"6f68899b-e0dc-482a-9b9d-58cde2d538af","email":"juan@gmail.com","role":"teacher","fullName":"Juan","iat":1784621251,"exp":1785226051}
[2026-07-21T08:11:01.079Z] GET /api/live/snapshot: Returning 0 active snapshots
[2026-07-21T08:11:04.121Z] GET /api/live/snapshot: session={"userId":"6f68899b-e0dc-482a-9b9d-58cde2d538af","email":"juan@gmail.com","role":"teacher","fullName":"Juan","iat":1784621251,"exp":1785226051}
[2026-07-21T08:11:04.123Z] GET /api/live/snapshot: Returning 0 active snapshots
[2026-07-21T08:11:07.076Z] GET /api/live/snapshot: session={"userId":"6f68899b-e0dc-482a-9b9d-58cde2d538af","email":"juan@gmail.com","role":"teacher","fullName":"Juan","iat":1784621251,"exp":1785226051}
[2026-07-21T08:11:07.078Z] GET /api/live/snapshot: Returning 0 active snapshots
[2026-07-21T08:11:10.066Z] GET /api/live/snapshot: session={"userId":"6f68899b-e0dc-482a-9b9d-58cde2d538af","email":"juan@gmail.com","role":"teacher","fullName":"Juan","iat":1784621251,"exp":1785226051}
[2026-07-21T08:11:10.067Z] GET /api/live/snapshot: Returning 0 active snapshots
[2026-07-21T08:11:13.388Z] GET /api/live/snapshot: session={"userId":"6f68899b-e0dc-482a-9b9d-58cde2d538af","email":"juan@gmail.com","role":"teacher","fullName":"Juan","iat":1784621251,"exp":1785226051}
[2026-07-21T08:11:13.390Z] GET /api/live/snapshot: Returning 0 active snapshots
[2026-07-21T08:11:16.064Z] GET /api/live/snapshot: session={"userId":"6f68899b-e0dc-482a-9b9d-58cde2d538af","email":"juan@gmail.com","role":"teacher","fullName":"Juan","iat":1784621251,"exp":1785226051}
[2026-07-21T08:11:16.065Z] GET /api/live/snapshot: Returning 0 active snapshots
[2026-07-21T08:11:19.071Z] GET /api/live/snapshot: session={"userId":"6f68899b-e0dc-482a-9b9d-58cde2d538af","email":"juan@gmail.com","role":"teacher","fullName":"Juan","iat":1784621251,"exp":1785226051}
[2026-07-21T08:11:19.072Z] GET /api/live/snapshot: Returning 0 active snapshots
[2026-07-21T08:11:22.064Z] GET /api/live/snapshot: session={"userId":"6f68899b-e0dc-482a-9b9d-58cde2d538af","email":"juan@gmail.com","role":"teacher","fullName":"Juan","iat":1784621251,"exp":1785226051}
[2026-07-21T08:11:22.065Z] GET /api/live/snapshot: Returning 0 active snapshots
[2026-07-21T08:11:25.069Z] GET /api/live/snapshot: session={"userId":"6f68899b-e0dc-482a-9b9d-58cde2d538af","email":"juan@gmail.com","role":"teacher","fullName":"Juan","iat":1784621251,"exp":1785226051}
[2026-07-21T08:11:25.071Z] GET /api/live/snapshot: Returning 0 active snapshots
[2026-07-21T08:12:25.095Z] GET /api/live/snapshot: session={"userId":"6f68899b-e0dc-482a-9b9d-58cde2d538af","email":"juan@gmail.com","role":"teacher","fullName":"Juan","iat":1784621251,"exp":1785226051}
[2026-07-21T08:12:25.097Z] GET /api/live/snapshot: Returning 0 active snapshots
[2026-07-21T08:16:15.907Z] GET /api/live/snapshot: session={"userId":"6f68899b-e0dc-482a-9b9d-58cde2d538af","email":"juan@gmail.com","role":"teacher","fullName":"Juan","iat":1784621251,"exp":1785226051}
[2026-07-21T08:16:15.912Z] GET /api/live/snapshot: Returning 0 active snapshots
[2026-07-21T08:16:16.445Z] GET /api/live/snapshot: session={"userId":"6f68899b-e0dc-482a-9b9d-58cde2d538af","email":"juan@gmail.com","role":"teacher","fullName":"Juan","iat":1784621251,"exp":1785226051}
[2026-07-21T08:16:16.446Z] GET /api/live/snapshot: Returning 0 active snapshots
[2026-07-21T08:16:18.761Z] GET /api/live/snapshot: session={"userId":"6f68899b-e0dc-482a-9b9d-58cde2d538af","email":"juan@gmail.com","role":"teacher","fullName":"Juan","iat":1784621251,"exp":1785226051}
[2026-07-21T08:16:18.762Z] GET /api/live/snapshot: Returning 0 active snapshots
[2026-07-21T08:16:21.702Z] GET /api/live/snapshot: session={"userId":"6f68899b-e0dc-482a-9b9d-58cde2d538af","email":"juan@gmail.com","role":"teacher","fullName":"Juan","iat":1784621251,"exp":1785226051}
[2026-07-21T08:16:21.704Z] GET /api/live/snapshot: Returning 0 active snapshots
[2026-07-21T08:16:22.864Z] GET /api/live/snapshot: session={"userId":"6f68899b-e0dc-482a-9b9d-58cde2d538af","email":"juan@gmail.com","role":"teacher","fullName":"Juan","iat":1784621251,"exp":1785226051}
[2026-07-21T08:16:22.866Z] GET /api/live/snapshot: Returning 0 active snapshots
[2026-07-21T08:16:25.871Z] GET /api/live/snapshot: session={"userId":"6f68899b-e0dc-482a-9b9d-58cde2d538af","email":"juan@gmail.com","role":"teacher","fullName":"Juan","iat":1784621251,"exp":1785226051}
[2026-07-21T08:16:25.872Z] GET /api/live/snapshot: Returning 0 active snapshots
[2026-07-21T08:16:28.860Z] GET /api/live/snapshot: session={"userId":"6f68899b-e0dc-482a-9b9d-58cde2d538af","email":"juan@gmail.com","role":"teacher","fullName":"Juan","iat":1784621251,"exp":1785226051}
[2026-07-21T08:16:28.862Z] GET /api/live/snapshot: Returning 0 active snapshots
[2026-07-21T08:16:31.871Z] GET /api/live/snapshot: session={"userId":"6f68899b-e0dc-482a-9b9d-58cde2d538af","email":"juan@gmail.com","role":"teacher","fullName":"Juan","iat":1784621251,"exp":1785226051}
[2026-07-21T08:16:31.872Z] GET /api/live/snapshot: Returning 0 active snapshots
[2026-07-21T08:16:34.860Z] GET /api/live/snapshot: session={"userId":"6f68899b-e0dc-482a-9b9d-58cde2d538af","email":"juan@gmail.com","role":"teacher","fullName":"Juan","iat":1784621251,"exp":1785226051}
[2026-07-21T08:16:34.861Z] GET /api/live/snapshot: Returning 0 active snapshots
[2026-07-21T08:16:37.861Z] GET /api/live/snapshot: session={"userId":"6f68899b-e0dc-482a-9b9d-58cde2d538af","email":"juan@gmail.com","role":"teacher","fullName":"Juan","iat":1784621251,"exp":1785226051}
[2026-07-21T08:16:37.862Z] GET /api/live/snapshot: Returning 0 active snapshots
[2026-07-21T08:16:40.880Z] GET /api/live/snapshot: session={"userId":"6f68899b-e0dc-482a-9b9d-58cde2d538af","email":"juan@gmail.com","role":"teacher","fullName":"Juan","iat":1784621251,"exp":1785226051}
[2026-07-21T08:16:40.882Z] GET /api/live/snapshot: Returning 0 active snapshots
[2026-07-21T08:16:43.865Z] GET /api/live/snapshot: session={"userId":"6f68899b-e0dc-482a-9b9d-58cde2d538af","email":"juan@gmail.com","role":"teacher","fullName":"Juan","iat":1784621251,"exp":1785226051}
[2026-07-21T08:16:43.867Z] GET /api/live/snapshot: Returning 0 active snapshots
[2026-07-21T08:16:46.861Z] GET /api/live/snapshot: session={"userId":"6f68899b-e0dc-482a-9b9d-58cde2d538af","email":"juan@gmail.com","role":"teacher","fullName":"Juan","iat":1784621251,"exp":1785226051}
[2026-07-21T08:16:46.862Z] GET /api/live/snapshot: Returning 0 active snapshots
[2026-07-21T08:17:14.941Z] GET /api/live/snapshot: session={"userId":"6f68899b-e0dc-482a-9b9d-58cde2d538af","email":"juan@gmail.com","role":"teacher","fullName":"Juan","iat":1784621251,"exp":1785226051}
[2026-07-21T08:17:14.943Z] GET /api/live/snapshot: Returning 0 active snapshots
[2026-07-21T08:19:07.288Z] POST /api/live/join: session={"userId":"43a430c0-82b0-44b3-a7b4-6ccefaea90f2","email":"roronoazoljin@gmail.com","role":"student","fullName":"PACALDO, CHRISTIAN GLENN","iat":1784618781,"exp":1785223581}
[2026-07-21T08:19:07.656Z] POST /api/live/join: Student PACALDO, CHRISTIAN GLENN successfully joined quiz adwasdwa
[2026-07-21T08:19:11.791Z] GET /api/live/snapshot: session={"userId":"6f68899b-e0dc-482a-9b9d-58cde2d538af","email":"juan@gmail.com","role":"teacher","fullName":"Juan","iat":1784621251,"exp":1785226051}
[2026-07-21T08:19:11.793Z] GET /api/live/snapshot: Returning 0 active snapshots
[2026-07-21T08:19:14.800Z] GET /api/live/snapshot: session={"userId":"6f68899b-e0dc-482a-9b9d-58cde2d538af","email":"juan@gmail.com","role":"teacher","fullName":"Juan","iat":1784621251,"exp":1785226051}
[2026-07-21T08:19:14.802Z] GET /api/live/snapshot: Returning 0 active snapshots
[2026-07-21T08:19:17.789Z] GET /api/live/snapshot: session={"userId":"6f68899b-e0dc-482a-9b9d-58cde2d538af","email":"juan@gmail.com","role":"teacher","fullName":"Juan","iat":1784621251,"exp":1785226051}
[2026-07-21T08:19:17.791Z] GET /api/live/snapshot: Returning 0 active snapshots
[2026-07-21T08:19:20.801Z] GET /api/live/snapshot: session={"userId":"6f68899b-e0dc-482a-9b9d-58cde2d538af","email":"juan@gmail.com","role":"teacher","fullName":"Juan","iat":1784621251,"exp":1785226051}
[2026-07-21T08:19:20.803Z] GET /api/live/snapshot: Returning 0 active snapshots
[2026-07-21T08:19:23.789Z] GET /api/live/snapshot: session={"userId":"6f68899b-e0dc-482a-9b9d-58cde2d538af","email":"juan@gmail.com","role":"teacher","fullName":"Juan","iat":1784621251,"exp":1785226051}
[2026-07-21T08:19:23.790Z] GET /api/live/snapshot: Returning 0 active snapshots
[2026-07-21T08:19:26.794Z] GET /api/live/snapshot: session={"userId":"6f68899b-e0dc-482a-9b9d-58cde2d538af","email":"juan@gmail.com","role":"teacher","fullName":"Juan","iat":1784621251,"exp":1785226051}
[2026-07-21T08:19:26.795Z] GET /api/live/snapshot: Returning 0 active snapshots
[2026-07-21T08:19:29.804Z] GET /api/live/snapshot: session={"userId":"6f68899b-e0dc-482a-9b9d-58cde2d538af","email":"juan@gmail.com","role":"teacher","fullName":"Juan","iat":1784621251,"exp":1785226051}
[2026-07-21T08:19:29.806Z] GET /api/live/snapshot: Returning 0 active snapshots
[2026-07-21T08:19:32.789Z] GET /api/live/snapshot: session={"userId":"6f68899b-e0dc-482a-9b9d-58cde2d538af","email":"juan@gmail.com","role":"teacher","fullName":"Juan","iat":1784621251,"exp":1785226051}
[2026-07-21T08:19:32.790Z] GET /api/live/snapshot: Returning 0 active snapshots
[2026-07-21T08:19:35.797Z] GET /api/live/snapshot: session={"userId":"6f68899b-e0dc-482a-9b9d-58cde2d538af","email":"juan@gmail.com","role":"teacher","fullName":"Juan","iat":1784621251,"exp":1785226051}
[2026-07-21T08:19:35.798Z] GET /api/live/snapshot: Returning 0 active snapshots
[2026-07-21T08:19:38.796Z] GET /api/live/snapshot: session={"userId":"6f68899b-e0dc-482a-9b9d-58cde2d538af","email":"juan@gmail.com","role":"teacher","fullName":"Juan","iat":1784621251,"exp":1785226051}
[2026-07-21T08:19:38.797Z] GET /api/live/snapshot: Returning 0 active snapshots
[2026-07-21T08:19:41.794Z] GET /api/live/snapshot: session={"userId":"6f68899b-e0dc-482a-9b9d-58cde2d538af","email":"juan@gmail.com","role":"teacher","fullName":"Juan","iat":1784621251,"exp":1785226051}
[2026-07-21T08:19:41.795Z] GET /api/live/snapshot: Returning 0 active snapshots
[2026-07-21T08:19:44.802Z] GET /api/live/snapshot: session={"userId":"6f68899b-e0dc-482a-9b9d-58cde2d538af","email":"juan@gmail.com","role":"teacher","fullName":"Juan","iat":1784621251,"exp":1785226051}
[2026-07-21T08:19:44.804Z] GET /api/live/snapshot: Returning 0 active snapshots
[2026-07-21T08:19:48.073Z] GET /api/live/snapshot: session={"userId":"6f68899b-e0dc-482a-9b9d-58cde2d538af","email":"juan@gmail.com","role":"teacher","fullName":"Juan","iat":1784621251,"exp":1785226051}
[2026-07-21T08:19:48.074Z] GET /api/live/snapshot: Returning 0 active snapshots
[2026-07-21T08:19:51.080Z] GET /api/live/snapshot: session={"userId":"6f68899b-e0dc-482a-9b9d-58cde2d538af","email":"juan@gmail.com","role":"teacher","fullName":"Juan","iat":1784621251,"exp":1785226051}
[2026-07-21T08:19:51.082Z] GET /api/live/snapshot: Returning 0 active snapshots
[2026-07-21T08:19:54.057Z] POST /api/live/snapshot: session={"userId":"43a430c0-82b0-44b3-a7b4-6ccefaea90f2","email":"roronoazoljin@gmail.com","role":"student","fullName":"PACALDO, CHRISTIAN GLENN","iat":1784618781,"exp":1785223581}
[2026-07-21T08:19:54.061Z] POST /api/live/snapshot: Stored snapshot for PACALDO, CHRISTIAN GLENN (active count: 1)
[2026-07-21T08:19:54.073Z] GET /api/live/snapshot: session={"userId":"6f68899b-e0dc-482a-9b9d-58cde2d538af","email":"juan@gmail.com","role":"teacher","fullName":"Juan","iat":1784621251,"exp":1785226051}
[2026-07-21T08:19:54.075Z] GET /api/live/snapshot: Returning 1 active snapshots
[2026-07-21T08:19:56.812Z] POST /api/live/snapshot: session={"userId":"43a430c0-82b0-44b3-a7b4-6ccefaea90f2","email":"roronoazoljin@gmail.com","role":"student","fullName":"PACALDO, CHRISTIAN GLENN","iat":1784618781,"exp":1785223581}
[2026-07-21T08:19:56.816Z] POST /api/live/snapshot: Stored snapshot for PACALDO, CHRISTIAN GLENN (active count: 1)
[2026-07-21T08:19:57.072Z] GET /api/live/snapshot: session={"userId":"6f68899b-e0dc-482a-9b9d-58cde2d538af","email":"juan@gmail.com","role":"teacher","fullName":"Juan","iat":1784621251,"exp":1785226051}
[2026-07-21T08:19:57.073Z] GET /api/live/snapshot: Returning 1 active snapshots
[2026-07-21T08:19:59.804Z] POST /api/live/snapshot: session={"userId":"43a430c0-82b0-44b3-a7b4-6ccefaea90f2","email":"roronoazoljin@gmail.com","role":"student","fullName":"PACALDO, CHRISTIAN GLENN","iat":1784618781,"exp":1785223581}
[2026-07-21T08:19:59.808Z] POST /api/live/snapshot: Stored snapshot for PACALDO, CHRISTIAN GLENN (active count: 1)
[2026-07-21T08:20:00.077Z] GET /api/live/snapshot: session={"userId":"6f68899b-e0dc-482a-9b9d-58cde2d538af","email":"juan@gmail.com","role":"teacher","fullName":"Juan","iat":1784621251,"exp":1785226051}
[2026-07-21T08:20:00.078Z] GET /api/live/snapshot: Returning 1 active snapshots
[2026-07-21T08:20:02.800Z] POST /api/live/snapshot: session={"userId":"43a430c0-82b0-44b3-a7b4-6ccefaea90f2","email":"roronoazoljin@gmail.com","role":"student","fullName":"PACALDO, CHRISTIAN GLENN","iat":1784618781,"exp":1785223581}
[2026-07-21T08:20:02.804Z] POST /api/live/snapshot: Stored snapshot for PACALDO, CHRISTIAN GLENN (active count: 1)
[2026-07-21T08:20:03.072Z] GET /api/live/snapshot: session={"userId":"6f68899b-e0dc-482a-9b9d-58cde2d538af","email":"juan@gmail.com","role":"teacher","fullName":"Juan","iat":1784621251,"exp":1785226051}
[2026-07-21T08:20:03.073Z] GET /api/live/snapshot: Returning 1 active snapshots
[2026-07-21T08:20:05.813Z] POST /api/live/snapshot: session={"userId":"43a430c0-82b0-44b3-a7b4-6ccefaea90f2","email":"roronoazoljin@gmail.com","role":"student","fullName":"PACALDO, CHRISTIAN GLENN","iat":1784618781,"exp":1785223581}
[2026-07-21T08:20:05.815Z] POST /api/live/snapshot: Stored snapshot for PACALDO, CHRISTIAN GLENN (active count: 1)
[2026-07-21T08:20:06.076Z] GET /api/live/snapshot: session={"userId":"6f68899b-e0dc-482a-9b9d-58cde2d538af","email":"juan@gmail.com","role":"teacher","fullName":"Juan","iat":1784621251,"exp":1785226051}
[2026-07-21T08:20:06.077Z] GET /api/live/snapshot: Returning 1 active snapshots
[2026-07-21T08:20:08.792Z] POST /api/live/snapshot: session={"userId":"43a430c0-82b0-44b3-a7b4-6ccefaea90f2","email":"roronoazoljin@gmail.com","role":"student","fullName":"PACALDO, CHRISTIAN GLENN","iat":1784618781,"exp":1785223581}
[2026-07-21T08:20:08.794Z] POST /api/live/snapshot: Stored snapshot for PACALDO, CHRISTIAN GLENN (active count: 1)
[2026-07-21T08:20:09.070Z] GET /api/live/snapshot: session={"userId":"6f68899b-e0dc-482a-9b9d-58cde2d538af","email":"juan@gmail.com","role":"teacher","fullName":"Juan","iat":1784621251,"exp":1785226051}
[2026-07-21T08:20:09.071Z] GET /api/live/snapshot: Returning 1 active snapshots
[2026-07-21T08:20:11.843Z] POST /api/live/snapshot: session={"userId":"43a430c0-82b0-44b3-a7b4-6ccefaea90f2","email":"roronoazoljin@gmail.com","role":"student","fullName":"PACALDO, CHRISTIAN GLENN","iat":1784618781,"exp":1785223581}
[2026-07-21T08:20:11.847Z] POST /api/live/snapshot: Stored snapshot for PACALDO, CHRISTIAN GLENN (active count: 1)
[2026-07-21T08:20:11.861Z] GET /api/live/snapshot: session={"userId":"6f68899b-e0dc-482a-9b9d-58cde2d538af","email":"juan@gmail.com","role":"teacher","fullName":"Juan","iat":1784621251,"exp":1785226051}
[2026-07-21T08:20:11.862Z] GET /api/live/snapshot: Returning 1 active snapshots
[2026-07-21T08:20:14.787Z] GET /api/live/snapshot: session={"userId":"6f68899b-e0dc-482a-9b9d-58cde2d538af","email":"juan@gmail.com","role":"teacher","fullName":"Juan","iat":1784621251,"exp":1785226051}
[2026-07-21T08:20:14.788Z] GET /api/live/snapshot: Returning 1 active snapshots
[2026-07-21T08:20:17.792Z] GET /api/live/snapshot: session={"userId":"6f68899b-e0dc-482a-9b9d-58cde2d538af","email":"juan@gmail.com","role":"teacher","fullName":"Juan","iat":1784621251,"exp":1785226051}
[2026-07-21T08:20:17.793Z] GET /api/live/snapshot: Returning 1 active snapshots
[2026-07-21T08:20:20.792Z] GET /api/live/snapshot: session={"userId":"6f68899b-e0dc-482a-9b9d-58cde2d538af","email":"juan@gmail.com","role":"teacher","fullName":"Juan","iat":1784621251,"exp":1785226051}
[2026-07-21T08:20:20.793Z] GET /api/live/snapshot: Returning 1 active snapshots
[2026-07-21T08:20:23.787Z] GET /api/live/snapshot: session={"userId":"6f68899b-e0dc-482a-9b9d-58cde2d538af","email":"juan@gmail.com","role":"teacher","fullName":"Juan","iat":1784621251,"exp":1785226051}
[2026-07-21T08:20:23.788Z] GET /api/live/snapshot: Returning 1 active snapshots
[2026-07-21T08:20:24.477Z] POST /api/live/snapshot: session={"userId":"43a430c0-82b0-44b3-a7b4-6ccefaea90f2","email":"roronoazoljin@gmail.com","role":"student","fullName":"PACALDO, CHRISTIAN GLENN","iat":1784618781,"exp":1785223581}
[2026-07-21T08:20:24.479Z] POST /api/live/snapshot: Stored snapshot for PACALDO, CHRISTIAN GLENN (active count: 1)
[2026-07-21T08:20:26.793Z] GET /api/live/snapshot: session={"userId":"6f68899b-e0dc-482a-9b9d-58cde2d538af","email":"juan@gmail.com","role":"teacher","fullName":"Juan","iat":1784621251,"exp":1785226051}
[2026-07-21T08:20:26.793Z] GET /api/live/snapshot: Returning 1 active snapshots
[2026-07-21T08:20:29.794Z] GET /api/live/snapshot: session={"userId":"6f68899b-e0dc-482a-9b9d-58cde2d538af","email":"juan@gmail.com","role":"teacher","fullName":"Juan","iat":1784621251,"exp":1785226051}
[2026-07-21T08:20:29.796Z] GET /api/live/snapshot: Returning 1 active snapshots
[2026-07-21T08:20:32.278Z] POST /api/live/snapshot: session={"userId":"43a430c0-82b0-44b3-a7b4-6ccefaea90f2","email":"roronoazoljin@gmail.com","role":"student","fullName":"PACALDO, CHRISTIAN GLENN","iat":1784618781,"exp":1785223581}
[2026-07-21T08:20:32.282Z] POST /api/live/snapshot: Stored snapshot for PACALDO, CHRISTIAN GLENN (active count: 1)
[2026-07-21T08:20:32.791Z] GET /api/live/snapshot: session={"userId":"6f68899b-e0dc-482a-9b9d-58cde2d538af","email":"juan@gmail.com","role":"teacher","fullName":"Juan","iat":1784621251,"exp":1785226051}
[2026-07-21T08:20:32.793Z] GET /api/live/snapshot: Returning 1 active snapshots
[2026-07-21T08:20:32.804Z] POST /api/live/snapshot: session={"userId":"43a430c0-82b0-44b3-a7b4-6ccefaea90f2","email":"roronoazoljin@gmail.com","role":"student","fullName":"PACALDO, CHRISTIAN GLENN","iat":1784618781,"exp":1785223581}
[2026-07-21T08:20:32.806Z] POST /api/live/snapshot: Stored snapshot for PACALDO, CHRISTIAN GLENN (active count: 1)
[2026-07-21T08:20:35.792Z] GET /api/live/snapshot: session={"userId":"6f68899b-e0dc-482a-9b9d-58cde2d538af","email":"juan@gmail.com","role":"teacher","fullName":"Juan","iat":1784621251,"exp":1785226051}
[2026-07-21T08:20:35.793Z] GET /api/live/snapshot: Returning 1 active snapshots
[2026-07-21T08:20:35.810Z] POST /api/live/snapshot: session={"userId":"43a430c0-82b0-44b3-a7b4-6ccefaea90f2","email":"roronoazoljin@gmail.com","role":"student","fullName":"PACALDO, CHRISTIAN GLENN","iat":1784618781,"exp":1785223581}
[2026-07-21T08:20:35.812Z] POST /api/live/snapshot: Stored snapshot for PACALDO, CHRISTIAN GLENN (active count: 1)
[2026-07-21T08:20:38.791Z] GET /api/live/snapshot: session={"userId":"6f68899b-e0dc-482a-9b9d-58cde2d538af","email":"juan@gmail.com","role":"teacher","fullName":"Juan","iat":1784621251,"exp":1785226051}
[2026-07-21T08:20:38.796Z] GET /api/live/snapshot: Returning 1 active snapshots
[2026-07-21T08:20:38.812Z] POST /api/live/snapshot: session={"userId":"43a430c0-82b0-44b3-a7b4-6ccefaea90f2","email":"roronoazoljin@gmail.com","role":"student","fullName":"PACALDO, CHRISTIAN GLENN","iat":1784618781,"exp":1785223581}
[2026-07-21T08:20:38.814Z] POST /api/live/snapshot: Stored snapshot for PACALDO, CHRISTIAN GLENN (active count: 1)
[2026-07-21T08:20:41.789Z] GET /api/live/snapshot: session={"userId":"6f68899b-e0dc-482a-9b9d-58cde2d538af","email":"juan@gmail.com","role":"teacher","fullName":"Juan","iat":1784621251,"exp":1785226051}
[2026-07-21T08:20:41.790Z] GET /api/live/snapshot: Returning 1 active snapshots
[2026-07-21T08:20:41.800Z] POST /api/live/snapshot: session={"userId":"43a430c0-82b0-44b3-a7b4-6ccefaea90f2","email":"roronoazoljin@gmail.com","role":"student","fullName":"PACALDO, CHRISTIAN GLENN","iat":1784618781,"exp":1785223581}
[2026-07-21T08:20:41.803Z] POST /api/live/snapshot: Stored snapshot for PACALDO, CHRISTIAN GLENN (active count: 1)
[2026-07-21T08:20:44.831Z] POST /api/live/snapshot: session={"userId":"43a430c0-82b0-44b3-a7b4-6ccefaea90f2","email":"roronoazoljin@gmail.com","role":"student","fullName":"PACALDO, CHRISTIAN GLENN","iat":1784618781,"exp":1785223581}
[2026-07-21T08:20:44.835Z] POST /api/live/snapshot: Stored snapshot for PACALDO, CHRISTIAN GLENN (active count: 1)
[2026-07-21T08:20:45.070Z] GET /api/live/snapshot: session={"userId":"6f68899b-e0dc-482a-9b9d-58cde2d538af","email":"juan@gmail.com","role":"teacher","fullName":"Juan","iat":1784621251,"exp":1785226051}
[2026-07-21T08:20:45.071Z] GET /api/live/snapshot: Returning 1 active snapshots
[2026-07-21T08:20:47.804Z] POST /api/live/snapshot: session={"userId":"43a430c0-82b0-44b3-a7b4-6ccefaea90f2","email":"roronoazoljin@gmail.com","role":"student","fullName":"PACALDO, CHRISTIAN GLENN","iat":1784618781,"exp":1785223581}
[2026-07-21T08:20:47.806Z] POST /api/live/snapshot: Stored snapshot for PACALDO, CHRISTIAN GLENN (active count: 1)
[2026-07-21T08:20:48.065Z] GET /api/live/snapshot: session={"userId":"6f68899b-e0dc-482a-9b9d-58cde2d538af","email":"juan@gmail.com","role":"teacher","fullName":"Juan","iat":1784621251,"exp":1785226051}
[2026-07-21T08:20:48.066Z] GET /api/live/snapshot: Returning 1 active snapshots
[2026-07-21T08:20:50.834Z] POST /api/live/snapshot: session={"userId":"43a430c0-82b0-44b3-a7b4-6ccefaea90f2","email":"roronoazoljin@gmail.com","role":"student","fullName":"PACALDO, CHRISTIAN GLENN","iat":1784618781,"exp":1785223581}
[2026-07-21T08:20:50.837Z] POST /api/live/snapshot: Stored snapshot for PACALDO, CHRISTIAN GLENN (active count: 1)
[2026-07-21T08:20:51.073Z] GET /api/live/snapshot: session={"userId":"6f68899b-e0dc-482a-9b9d-58cde2d538af","email":"juan@gmail.com","role":"teacher","fullName":"Juan","iat":1784621251,"exp":1785226051}
[2026-07-21T08:20:51.074Z] GET /api/live/snapshot: Returning 1 active snapshots
[2026-07-21T08:20:53.912Z] POST /api/live/snapshot: session={"userId":"43a430c0-82b0-44b3-a7b4-6ccefaea90f2","email":"roronoazoljin@gmail.com","role":"student","fullName":"PACALDO, CHRISTIAN GLENN","iat":1784618781,"exp":1785223581}
[2026-07-21T08:20:53.924Z] POST /api/live/snapshot: Stored snapshot for PACALDO, CHRISTIAN GLENN (active count: 1)
[2026-07-21T08:20:54.071Z] GET /api/live/snapshot: session={"userId":"6f68899b-e0dc-482a-9b9d-58cde2d538af","email":"juan@gmail.com","role":"teacher","fullName":"Juan","iat":1784621251,"exp":1785226051}
[2026-07-21T08:20:54.072Z] GET /api/live/snapshot: Returning 1 active snapshots
[2026-07-21T08:20:56.819Z] POST /api/live/snapshot: session={"userId":"43a430c0-82b0-44b3-a7b4-6ccefaea90f2","email":"roronoazoljin@gmail.com","role":"student","fullName":"PACALDO, CHRISTIAN GLENN","iat":1784618781,"exp":1785223581}
[2026-07-21T08:20:56.821Z] POST /api/live/snapshot: Stored snapshot for PACALDO, CHRISTIAN GLENN (active count: 1)
[2026-07-21T08:20:57.069Z] GET /api/live/snapshot: session={"userId":"6f68899b-e0dc-482a-9b9d-58cde2d538af","email":"juan@gmail.com","role":"teacher","fullName":"Juan","iat":1784621251,"exp":1785226051}
[2026-07-21T08:20:57.070Z] GET /api/live/snapshot: Returning 1 active snapshots
[2026-07-21T08:20:59.816Z] POST /api/live/snapshot: session={"userId":"43a430c0-82b0-44b3-a7b4-6ccefaea90f2","email":"roronoazoljin@gmail.com","role":"student","fullName":"PACALDO, CHRISTIAN GLENN","iat":1784618781,"exp":1785223581}
[2026-07-21T08:20:59.819Z] POST /api/live/snapshot: Stored snapshot for PACALDO, CHRISTIAN GLENN (active count: 1)
[2026-07-21T08:21:00.067Z] GET /api/live/snapshot: session={"userId":"6f68899b-e0dc-482a-9b9d-58cde2d538af","email":"juan@gmail.com","role":"teacher","fullName":"Juan","iat":1784621251,"exp":1785226051}
[2026-07-21T08:21:00.069Z] GET /api/live/snapshot: Returning 1 active snapshots
[2026-07-21T08:21:02.807Z] POST /api/live/snapshot: session={"userId":"43a430c0-82b0-44b3-a7b4-6ccefaea90f2","email":"roronoazoljin@gmail.com","role":"student","fullName":"PACALDO, CHRISTIAN GLENN","iat":1784618781,"exp":1785223581}
[2026-07-21T08:21:02.810Z] POST /api/live/snapshot: Stored snapshot for PACALDO, CHRISTIAN GLENN (active count: 1)
[2026-07-21T08:21:03.070Z] GET /api/live/snapshot: session={"userId":"6f68899b-e0dc-482a-9b9d-58cde2d538af","email":"juan@gmail.com","role":"teacher","fullName":"Juan","iat":1784621251,"exp":1785226051}
[2026-07-21T08:21:03.072Z] GET /api/live/snapshot: Returning 1 active snapshots
[2026-07-21T08:21:06.078Z] GET /api/live/snapshot: session={"userId":"6f68899b-e0dc-482a-9b9d-58cde2d538af","email":"juan@gmail.com","role":"teacher","fullName":"Juan","iat":1784621251,"exp":1785226051}
[2026-07-21T08:21:06.079Z] GET /api/live/snapshot: Returning 1 active snapshots
[2026-07-21T08:21:06.842Z] POST /api/live/join: session={"userId":"43a430c0-82b0-44b3-a7b4-6ccefaea90f2","email":"roronoazoljin@gmail.com","role":"student","fullName":"PACALDO, CHRISTIAN GLENN","iat":1784618781,"exp":1785223581}
[2026-07-21T08:21:07.351Z] POST /api/live/join: Student PACALDO, CHRISTIAN GLENN successfully joined quiz adwasdwa
[2026-07-21T08:21:08.583Z] POST /api/live/snapshot: session={"userId":"43a430c0-82b0-44b3-a7b4-6ccefaea90f2","email":"roronoazoljin@gmail.com","role":"student","fullName":"PACALDO, CHRISTIAN GLENN","iat":1784618781,"exp":1785223581}
[2026-07-21T08:21:08.588Z] POST /api/live/snapshot: Stored snapshot for PACALDO, CHRISTIAN GLENN (active count: 1)
[2026-07-21T08:21:09.085Z] GET /api/live/snapshot: session={"userId":"6f68899b-e0dc-482a-9b9d-58cde2d538af","email":"juan@gmail.com","role":"teacher","fullName":"Juan","iat":1784621251,"exp":1785226051}
[2026-07-21T08:21:09.086Z] GET /api/live/snapshot: Returning 1 active snapshots
[2026-07-21T08:21:12.070Z] GET /api/live/snapshot: session={"userId":"6f68899b-e0dc-482a-9b9d-58cde2d538af","email":"juan@gmail.com","role":"teacher","fullName":"Juan","iat":1784621251,"exp":1785226051}
[2026-07-21T08:21:12.072Z] GET /api/live/snapshot: Returning 1 active snapshots
[2026-07-21T08:21:15.074Z] GET /api/live/snapshot: session={"userId":"6f68899b-e0dc-482a-9b9d-58cde2d538af","email":"juan@gmail.com","role":"teacher","fullName":"Juan","iat":1784621251,"exp":1785226051}
[2026-07-21T08:21:15.075Z] GET /api/live/snapshot: Returning 1 active snapshots
[2026-07-21T08:21:18.075Z] GET /api/live/snapshot: session={"userId":"6f68899b-e0dc-482a-9b9d-58cde2d538af","email":"juan@gmail.com","role":"teacher","fullName":"Juan","iat":1784621251,"exp":1785226051}
[2026-07-21T08:21:18.076Z] GET /api/live/snapshot: Returning 1 active snapshots
[2026-07-21T08:21:21.066Z] GET /api/live/snapshot: session={"userId":"6f68899b-e0dc-482a-9b9d-58cde2d538af","email":"juan@gmail.com","role":"teacher","fullName":"Juan","iat":1784621251,"exp":1785226051}
[2026-07-21T08:21:21.067Z] GET /api/live/snapshot: Returning 1 active snapshots
[2026-07-21T08:21:24.062Z] GET /api/live/snapshot: session={"userId":"6f68899b-e0dc-482a-9b9d-58cde2d538af","email":"juan@gmail.com","role":"teacher","fullName":"Juan","iat":1784621251,"exp":1785226051}
[2026-07-21T08:21:24.063Z] GET /api/live/snapshot: Returning 1 active snapshots
[2026-07-21T08:21:27.065Z] GET /api/live/snapshot: session={"userId":"6f68899b-e0dc-482a-9b9d-58cde2d538af","email":"juan@gmail.com","role":"teacher","fullName":"Juan","iat":1784621251,"exp":1785226051}
[2026-07-21T08:21:27.066Z] GET /api/live/snapshot: Returning 1 active snapshots
[2026-07-21T08:21:30.063Z] GET /api/live/snapshot: session={"userId":"6f68899b-e0dc-482a-9b9d-58cde2d538af","email":"juan@gmail.com","role":"teacher","fullName":"Juan","iat":1784621251,"exp":1785226051}
[2026-07-21T08:21:30.064Z] GET /api/live/snapshot: Returning 1 active snapshots
[2026-07-21T08:21:33.078Z] GET /api/live/snapshot: session={"userId":"6f68899b-e0dc-482a-9b9d-58cde2d538af","email":"juan@gmail.com","role":"teacher","fullName":"Juan","iat":1784621251,"exp":1785226051}
[2026-07-21T08:21:33.079Z] GET /api/live/snapshot: Returning 1 active snapshots
[2026-07-21T08:21:36.063Z] GET /api/live/snapshot: session={"userId":"6f68899b-e0dc-482a-9b9d-58cde2d538af","email":"juan@gmail.com","role":"teacher","fullName":"Juan","iat":1784621251,"exp":1785226051}
[2026-07-21T08:21:36.065Z] GET /api/live/snapshot: Returning 1 active snapshots
[2026-07-21T08:21:39.076Z] GET /api/live/snapshot: session={"userId":"6f68899b-e0dc-482a-9b9d-58cde2d538af","email":"juan@gmail.com","role":"teacher","fullName":"Juan","iat":1784621251,"exp":1785226051}
[2026-07-21T08:21:39.077Z] GET /api/live/snapshot: Returning 0 active snapshots
[2026-07-21T08:21:42.069Z] GET /api/live/snapshot: session={"userId":"6f68899b-e0dc-482a-9b9d-58cde2d538af","email":"juan@gmail.com","role":"teacher","fullName":"Juan","iat":1784621251,"exp":1785226051}
[2026-07-21T08:21:42.071Z] GET /api/live/snapshot: Returning 0 active snapshots
[2026-07-21T08:21:51.370Z] GET /api/live/snapshot: session={"userId":"6f68899b-e0dc-482a-9b9d-58cde2d538af","email":"juan@gmail.com","role":"teacher","fullName":"Juan","iat":1784621251,"exp":1785226051}
[2026-07-21T08:21:51.371Z] GET /api/live/snapshot: Returning 0 active snapshots
